connection_id,station_id,connection_type_id,level_id,power_kw,current_type_id,quantity,status_type_id
798920,475680,33,3.0,120.0,30.0,2.0,50.0
798921,475680,33,3.0,120.0,30.0,2.0,50.0
798898,475673,33,3.0,120.0,30.0,2.0,50.0
798894,475671,33,3.0,60.0,30.0,2.0,50.0
798872,475660,33,3.0,240.0,30.0,2.0,50.0
798873,475660,33,3.0,60.0,30.0,2.0,50.0
798874,475660,0,2.0,3.3,10.0,3.0,50.0
798867,475659,33,3.0,240.0,30.0,2.0,50.0
798868,475659,33,3.0,60.0,30.0,2.0,50.0
798869,475659,0,2.0,3.2,10.0,2.0,50.0
798607,475550,33,3.0,60.0,30.0,1.0,50.0
798513,475512,33,3.0,240.0,30.0,2.0,50.0
798514,475512,33,3.0,60.0,30.0,2.0,50.0
798515,475512,33,3.0,60.0,30.0,2.0,50.0
798291,475401,33,3.0,60.0,30.0,2.0,50.0
798134,475337,33,3.0,120.0,30.0,2.0,50.0
796564,474598,33,3.0,40.0,30.0,2.0,50.0
796562,474596,33,3.0,30.0,30.0,1.0,50.0
796561,474595,33,3.0,40.0,30.0,2.0,50.0
796560,474594,33,3.0,30.0,30.0,1.0,50.0
796558,474593,33,3.0,60.0,30.0,2.0,50.0
796557,474592,33,3.0,30.0,30.0,1.0,50.0
796553,474589,33,3.0,30.0,30.0,1.0,50.0
796550,474587,33,3.0,25.0,30.0,1.0,50.0
796547,474585,33,3.0,60.0,30.0,2.0,50.0
796546,474584,33,3.0,30.0,30.0,1.0,50.0
796543,474582,33,3.0,90.0,30.0,2.0,50.0
796540,474580,33,3.0,60.0,30.0,2.0,50.0
796537,474578,33,3.0,60.0,30.0,2.0,50.0
796532,474576,33,3.0,60.0,30.0,2.0,50.0
796531,474575,33,3.0,20.0,30.0,1.0,50.0
796530,474574,33,3.0,30.0,30.0,1.0,50.0
796529,474573,33,3.0,30.0,30.0,1.0,50.0
796527,474571,33,3.0,60.0,30.0,2.0,50.0
796526,474570,33,3.0,45.0,30.0,2.0,50.0
796524,474568,33,3.0,60.0,30.0,2.0,50.0
796523,474567,33,3.0,60.0,30.0,2.0,50.0
796520,474565,33,3.0,30.0,30.0,1.0,50.0
796519,474564,33,3.0,30.0,30.0,1.0,50.0
796518,474563,33,3.0,40.0,30.0,2.0,50.0
796517,474562,33,3.0,30.0,30.0,1.0,50.0
796516,474561,33,3.0,50.0,30.0,2.0,50.0
796515,474560,33,3.0,30.0,30.0,1.0,50.0
796513,474559,33,3.0,60.0,30.0,2.0,50.0
796514,474559,1036,2.0,22.0,20.0,1.0,50.0
796510,474558,33,3.0,60.0,30.0,2.0,50.0
796511,474558,33,3.0,60.0,30.0,2.0,50.0
796509,474557,33,3.0,30.0,30.0,1.0,50.0
796508,474556,33,3.0,30.0,30.0,1.0,50.0
796507,474555,33,3.0,30.0,30.0,2.0,50.0
796506,474554,33,3.0,30.0,30.0,1.0,50.0
796505,474553,33,3.0,60.0,30.0,2.0,50.0
796504,474552,33,3.0,30.0,30.0,1.0,50.0
796502,474550,33,3.0,80.0,30.0,2.0,50.0
796501,474549,33,3.0,90.0,30.0,2.0,50.0
796500,474548,33,3.0,30.0,30.0,1.0,50.0
796499,474547,33,3.0,30.0,30.0,1.0,50.0
796498,474546,33,3.0,30.0,30.0,1.0,50.0
796497,474545,33,3.0,20.0,30.0,1.0,50.0
796496,474544,33,3.0,60.0,30.0,2.0,50.0
796495,474543,33,3.0,40.0,30.0,2.0,50.0
796494,474542,33,3.0,60.0,30.0,2.0,50.0
796492,474541,33,3.0,30.0,30.0,1.0,50.0
796491,474540,33,3.0,90.0,30.0,2.0,50.0
796490,474539,33,3.0,60.0,30.0,2.0,50.0
796489,474538,33,3.0,80.0,30.0,2.0,50.0
796365,474478,33,3.0,30.0,30.0,1.0,50.0
796364,474477,33,3.0,30.0,30.0,1.0,50.0
796363,474476,33,3.0,30.0,30.0,1.0,50.0
796362,474475,33,3.0,30.0,30.0,1.0,50.0
796360,474474,33,3.0,90.0,30.0,2.0,50.0
796359,474473,33,3.0,90.0,30.0,2.0,50.0
796357,474472,33,3.0,30.0,30.0,1.0,50.0
796355,474471,33,3.0,30.0,30.0,1.0,50.0
796356,474471,33,3.0,30.0,30.0,1.0,50.0
796353,474470,33,3.0,50.0,30.0,2.0,50.0
796350,474468,33,3.0,90.0,30.0,2.0,50.0
796351,474468,1036,2.0,7.4,20.0,1.0,50.0
796349,474467,33,3.0,90.0,30.0,2.0,50.0
796348,474466,33,3.0,90.0,30.0,2.0,50.0
796347,474465,33,3.0,45.0,30.0,1.0,50.0
796346,474464,33,3.0,80.0,30.0,2.0,50.0
796345,474463,33,3.0,90.0,30.0,2.0,50.0
796344,474462,33,3.0,20.0,30.0,1.0,50.0
796129,474366,33,3.0,30.0,30.0,2.0,50.0
796128,474365,33,3.0,30.0,30.0,2.0,50.0
796127,474364,33,3.0,60.0,30.0,2.0,50.0
796126,474363,33,2.0,24.0,,1.0,50.0
795734,474191,33,3.0,60.0,30.0,2.0,50.0
794578,473117,33,3.0,30.0,30.0,1.0,50.0
794404,473032,33,3.0,60.0,30.0,2.0,50.0
794402,473031,33,3.0,60.0,30.0,2.0,50.0
794403,473031,33,3.0,30.0,30.0,1.0,50.0
794002,472820,33,3.0,30.0,30.0,1.0,50.0
793976,472811,33,3.0,120.0,30.0,2.0,50.0
793977,472811,33,3.0,120.0,30.0,2.0,50.0
793974,472810,33,3.0,60.0,30.0,2.0,50.0
793975,472810,33,3.0,120.0,30.0,2.0,50.0
793970,472808,33,3.0,120.0,30.0,2.0,50.0
793953,472798,33,3.0,30.0,30.0,1.0,50.0
793532,472532,33,1.0,30.0,10.0,1.0,50.0
793491,472508,33,,,10.0,1.0,50.0
793373,472439,33,3.0,120.0,30.0,2.0,50.0
793163,472327,33,3.0,60.0,30.0,4.0,50.0
793162,472326,33,3.0,30.0,30.0,1.0,50.0
792666,471993,33,3.0,60.0,30.0,2.0,50.0
792667,471993,33,3.0,30.0,30.0,1.0,50.0
792665,471992,33,3.0,60.0,30.0,2.0,50.0
792664,471991,33,3.0,60.0,30.0,2.0,50.0
792662,471989,33,3.0,60.0,30.0,2.0,50.0
792484,471855,33,3.0,60.0,30.0,2.0,50.0
792482,471854,33,3.0,60.0,30.0,2.0,50.0
792481,471853,33,3.0,60.0,30.0,2.0,50.0
791080,471003,33,3.0,160.0,30.0,2.0,50.0
791081,471003,33,3.0,60.0,30.0,2.0,50.0
791082,471003,1036,2.0,7.4,,1.0,50.0
791083,471003,25,2.0,3.3,,1.0,50.0
790918,470897,33,3.0,60.0,30.0,2.0,50.0
790757,470760,33,3.0,120.0,30.0,2.0,50.0
790676,470710,33,3.0,60.0,30.0,2.0,50.0
790675,470709,33,3.0,60.0,30.0,2.0,50.0
788553,469744,33,3.0,60.0,30.0,2.0,50.0
788551,469742,33,3.0,60.0,30.0,1.0,50.0
788101,469522,33,3.0,60.0,30.0,2.0,50.0
788094,469517,1036,,15.0,30.0,1.0,50.0
788061,469488,33,3.0,60.0,30.0,2.0,50.0
788059,469487,33,3.0,60.0,30.0,1.0,50.0
788060,469487,33,3.0,60.0,30.0,1.0,50.0
787921,469384,33,3.0,30.0,30.0,1.0,50.0
787920,469383,33,3.0,30.0,30.0,1.0,30.0
787919,469382,33,3.0,60.0,30.0,2.0,50.0
787918,469381,33,2.0,24.0,,1.0,50.0
787917,469380,33,,,30.0,1.0,30.0
787873,469357,33,3.0,30.0,30.0,1.0,50.0
787874,469357,1036,2.0,7.0,20.0,1.0,50.0
787872,469356,33,3.0,118.0,30.0,2.0,50.0
787871,469355,33,3.0,60.0,30.0,2.0,50.0
787870,469354,33,3.0,30.0,30.0,1.0,50.0
787869,469353,33,3.0,60.0,30.0,2.0,50.0
782214,464561,33,3.0,60.0,30.0,2.0,30.0
782213,464560,33,3.0,60.0,30.0,2.0,50.0
782212,464559,33,3.0,30.0,30.0,1.0,30.0
782163,464531,33,3.0,1200.0,30.0,9.0,50.0
782162,464530,33,3.0,120.0,30.0,8.0,50.0
781942,464405,33,3.0,60.0,30.0,1.0,50.0
777737,462394,33,3.0,30.0,30.0,1.0,50.0
777738,462394,1,2.0,7.3,10.0,1.0,50.0
777711,462380,33,3.0,120.0,30.0,2.0,50.0
776020,461277,33,1.0,1.0,10.0,1.0,50.0
775842,461160,33,3.0,25.0,30.0,1.0,50.0
775843,461160,2,3.0,25.0,30.0,1.0,50.0
775628,461021,33,3.0,25.0,30.0,1.0,50.0
775629,461021,2,3.0,25.0,30.0,1.0,50.0
775600,461004,33,3.0,30.0,30.0,1.0,50.0
775513,460962,33,3.0,120.0,30.0,2.0,50.0
775510,460960,33,3.0,25.0,30.0,1.0,50.0
774982,460636,33,3.0,30.0,30.0,2.0,50.0
774727,460478,33,3.0,120.0,30.0,2.0,50.0
774981,460478,33,3.0,30.0,30.0,2.0,50.0
774225,460205,0,,,,1.0,50.0
773940,459990,33,3.0,60.0,30.0,2.0,50.0
771426,458918,33,3.0,60.0,30.0,2.0,50.0
771425,458917,33,3.0,30.0,30.0,1.0,50.0
771424,458916,33,3.0,60.0,30.0,2.0,50.0
771423,458915,33,3.0,30.0,30.0,1.0,50.0
771422,458914,33,3.0,30.0,30.0,1.0,50.0
771421,458913,33,3.0,30.0,30.0,1.0,50.0
771420,458912,33,3.0,30.0,30.0,1.0,50.0
771419,458911,33,3.0,30.0,30.0,1.0,50.0
771417,458910,33,3.0,30.0,30.0,1.0,50.0
771418,458910,2,3.0,30.0,30.0,1.0,50.0
771416,458909,33,3.0,30.0,30.0,1.0,50.0
771415,458908,33,3.0,25.0,30.0,1.0,50.0
771414,458907,33,3.0,60.0,30.0,2.0,50.0
771413,458906,33,3.0,30.0,30.0,1.0,50.0
771411,458905,33,3.0,25.0,30.0,1.0,50.0
771412,458905,33,3.0,25.0,30.0,1.0,50.0
771409,458904,33,3.0,25.0,30.0,1.0,50.0
771410,458904,1036,2.0,7.4,20.0,1.0,50.0
604675,314018,33,3.0,30.0,30.0,1.0,50.0
604645,313995,33,3.0,25.0,30.0,1.0,50.0
604644,313994,33,3.0,30.0,30.0,1.0,50.0
604643,313993,33,3.0,30.0,30.0,1.0,50.0
604642,313992,33,3.0,30.0,30.0,1.0,50.0
604641,313991,33,3.0,60.0,30.0,2.0,50.0
604640,313990,33,3.0,30.0,30.0,1.0,50.0
604638,313989,33,3.0,25.0,30.0,1.0,50.0
604639,313989,1036,2.0,7.4,20.0,1.0,50.0
604637,313988,33,3.0,60.0,30.0,2.0,50.0
604627,313980,33,3.0,30.0,30.0,1.0,50.0
604626,313979,33,3.0,30.0,30.0,1.0,50.0
604625,313978,33,3.0,60.0,30.0,2.0,50.0
604582,313955,33,3.0,25.0,30.0,1.0,50.0
604583,313955,33,3.0,25.0,30.0,1.0,50.0
604581,313954,33,3.0,30.0,30.0,1.0,50.0
604580,313953,33,3.0,30.0,30.0,1.0,50.0
604577,313952,33,3.0,25.0,30.0,1.0,50.0
604578,313952,1040,,3.3,30.0,3.0,50.0
604579,313952,1036,2.0,7.4,20.0,1.0,50.0
604575,313951,33,3.0,25.0,30.0,1.0,50.0
604576,313951,1036,2.0,7.4,20.0,1.0,50.0
604574,313950,33,3.0,30.0,30.0,2.0,50.0
604573,313949,1036,2.0,7.4,20.0,2.0,50.0
604570,313947,33,3.0,25.0,30.0,1.0,50.0
604569,313946,33,3.0,30.0,30.0,1.0,50.0
604568,313945,33,3.0,60.0,30.0,2.0,50.0
604567,313944,33,3.0,30.0,30.0,1.0,50.0
604565,313943,33,3.0,30.0,30.0,1.0,50.0
604566,313943,1036,2.0,7.4,20.0,1.0,50.0
604564,313942,33,3.0,30.0,30.0,1.0,50.0
604563,313941,33,3.0,30.0,30.0,1.0,50.0
604562,313940,33,3.0,30.0,30.0,1.0,50.0
604539,313925,33,3.0,25.0,30.0,1.0,50.0
604540,313925,2,3.0,25.0,30.0,1.0,50.0
604538,313924,33,3.0,30.0,30.0,2.0,50.0
604537,313923,33,3.0,30.0,30.0,1.0,50.0
604536,313922,33,3.0,30.0,30.0,1.0,50.0
604535,313921,1036,2.0,7.4,20.0,2.0,50.0
604534,313920,33,3.0,30.0,30.0,1.0,30.0
604533,313919,33,3.0,30.0,30.0,1.0,50.0
604531,313918,33,3.0,60.0,30.0,2.0,50.0
604532,313918,16,2.0,3.3,10.0,1.0,50.0
604529,313917,33,3.0,30.0,30.0,1.0,50.0
604530,313917,16,2.0,3.3,10.0,3.0,50.0
604528,313916,33,3.0,30.0,30.0,1.0,50.0
604524,313915,33,3.0,60.0,30.0,2.0,50.0
604525,313915,33,3.0,60.0,30.0,2.0,50.0
604526,313915,1036,2.0,7.4,20.0,1.0,50.0
604527,313915,16,2.0,3.3,10.0,6.0,50.0
604522,313914,1036,2.0,7.4,20.0,2.0,50.0
604523,313914,16,2.0,3.3,10.0,4.0,50.0
604521,313913,33,3.0,80.0,30.0,2.0,50.0
604520,313912,33,3.0,30.0,30.0,1.0,50.0
604518,313911,33,3.0,30.0,30.0,1.0,50.0
604519,313911,16,2.0,3.3,10.0,1.0,50.0
604517,313910,33,3.0,30.0,30.0,1.0,50.0
604515,313909,33,3.0,60.0,30.0,2.0,50.0
604516,313909,16,2.0,3.3,10.0,1.0,50.0
604513,313908,33,3.0,25.0,30.0,1.0,50.0
604514,313908,16,2.0,3.3,10.0,1.0,50.0
604511,313907,33,3.0,30.0,30.0,1.0,50.0
604512,313907,16,2.0,3.3,10.0,1.0,50.0
604509,313906,33,3.0,30.0,30.0,1.0,50.0
604510,313906,16,2.0,3.3,10.0,1.0,50.0
604507,313905,33,3.0,25.0,30.0,1.0,50.0
604508,313905,16,2.0,3.3,10.0,1.0,50.0
604505,313904,33,3.0,30.0,30.0,1.0,50.0
604506,313904,16,2.0,3.3,10.0,1.0,50.0
604502,313903,33,3.0,25.0,30.0,1.0,50.0
604503,313903,33,3.0,60.0,30.0,2.0,50.0
604504,313903,16,2.0,3.3,10.0,1.0,50.0
604500,313902,33,3.0,60.0,30.0,2.0,50.0
604501,313902,16,2.0,3.3,10.0,1.0,50.0
604499,313901,33,3.0,30.0,30.0,1.0,50.0
604497,313900,33,3.0,60.0,30.0,2.0,50.0
604498,313900,16,2.0,3.3,10.0,1.0,50.0
604495,313899,33,3.0,25.0,30.0,1.0,50.0
604496,313899,16,2.0,3.3,10.0,1.0,50.0
604494,313898,33,3.0,25.0,30.0,1.0,50.0
604491,313897,33,3.0,60.0,30.0,2.0,50.0
604492,313897,1036,2.0,7.4,20.0,1.0,50.0
604493,313897,16,2.0,3.3,10.0,1.0,50.0
604489,313896,33,3.0,25.0,30.0,1.0,50.0
604490,313896,16,2.0,3.3,10.0,1.0,50.0
604487,313895,33,3.0,30.0,30.0,1.0,50.0
604488,313895,16,2.0,3.3,10.0,1.0,50.0
604486,313894,33,3.0,30.0,30.0,1.0,50.0
604483,313893,33,3.0,60.0,30.0,2.0,50.0
604484,313893,33,3.0,30.0,30.0,1.0,50.0
604485,313893,16,2.0,3.3,10.0,1.0,50.0
604481,313892,33,3.0,30.0,30.0,1.0,50.0
604482,313892,16,2.0,3.3,10.0,1.0,50.0
604479,313891,33,3.0,25.0,30.0,1.0,50.0
604480,313891,16,2.0,3.3,10.0,1.0,50.0
604478,313890,33,3.0,30.0,30.0,1.0,50.0
604477,313889,33,3.0,25.0,30.0,1.0,50.0
604475,313888,33,3.0,30.0,30.0,1.0,50.0
604476,313888,16,2.0,3.3,10.0,1.0,50.0
604473,313887,33,3.0,30.0,30.0,1.0,50.0
604474,313887,33,3.0,30.0,30.0,1.0,50.0
604471,313886,33,3.0,60.0,30.0,2.0,50.0
604472,313886,16,2.0,3.3,10.0,1.0,50.0
604470,313885,33,3.0,30.0,30.0,1.0,50.0
604468,313884,33,3.0,25.0,30.0,1.0,50.0
604469,313884,16,2.0,3.3,10.0,1.0,50.0
604467,313883,33,3.0,30.0,30.0,1.0,50.0
604466,313882,33,3.0,30.0,30.0,1.0,50.0
604464,313881,33,3.0,60.0,30.0,2.0,50.0
604465,313881,16,2.0,3.3,10.0,1.0,50.0
604462,313880,33,3.0,25.0,30.0,1.0,50.0
604463,313880,16,2.0,3.3,10.0,1.0,50.0
604461,313879,33,3.0,30.0,30.0,1.0,50.0
604459,313878,33,3.0,30.0,30.0,1.0,50.0
604460,313878,16,2.0,3.3,10.0,1.0,50.0
604458,313877,33,3.0,30.0,30.0,1.0,50.0
604457,313876,33,3.0,80.0,30.0,2.0,50.0
604455,313875,33,3.0,30.0,30.0,1.0,50.0
604456,313875,16,2.0,3.3,10.0,1.0,50.0
604454,313874,33,3.0,30.0,30.0,1.0,50.0
604453,313873,33,3.0,30.0,30.0,1.0,50.0
604451,313872,33,3.0,60.0,30.0,2.0,50.0
604452,313872,16,2.0,3.3,10.0,1.0,50.0
604450,313871,33,3.0,30.0,30.0,1.0,50.0
604449,313870,33,3.0,30.0,30.0,1.0,50.0
604446,313869,33,3.0,60.0,30.0,2.0,50.0
604447,313869,33,3.0,25.0,30.0,1.0,50.0
604448,313869,16,2.0,3.3,10.0,2.0,50.0
604445,313868,33,3.0,60.0,30.0,2.0,50.0
604442,313867,33,3.0,60.0,30.0,2.0,50.0
604444,313867,16,2.0,3.3,10.0,1.0,50.0
604440,313866,33,3.0,25.0,30.0,1.0,50.0
604441,313866,16,2.0,3.3,10.0,1.0,50.0
604439,313865,33,3.0,60.0,30.0,2.0,50.0
604438,313864,33,3.0,60.0,30.0,2.0,50.0
604436,313863,33,3.0,25.0,30.0,1.0,50.0
604437,313863,16,2.0,3.3,10.0,1.0,50.0
604435,313862,33,3.0,30.0,30.0,1.0,50.0
604432,313861,33,3.0,30.0,30.0,5.0,50.0
604433,313861,1036,2.0,7.4,20.0,1.0,50.0
604434,313861,16,2.0,3.3,10.0,1.0,50.0
604431,313860,33,3.0,60.0,30.0,2.0,50.0
604428,313859,33,3.0,60.0,30.0,2.0,50.0
604429,313859,33,3.0,25.0,30.0,1.0,50.0
604430,313859,16,2.0,3.3,10.0,1.0,50.0
604427,313858,16,2.0,3.3,10.0,1.0,50.0
604424,313857,33,3.0,80.0,30.0,2.0,50.0
604425,313857,33,3.0,60.0,30.0,2.0,50.0
604426,313857,16,2.0,3.3,10.0,1.0,50.0
604422,313856,33,3.0,60.0,30.0,2.0,50.0
604423,313856,16,2.0,3.3,10.0,1.0,50.0
604421,313855,33,3.0,30.0,30.0,1.0,50.0
604420,313854,33,3.0,80.0,30.0,2.0,50.0
604419,313853,33,3.0,24.0,30.0,1.0,50.0
604418,313852,33,3.0,80.0,30.0,2.0,50.0
604417,313851,33,3.0,25.0,30.0,1.0,50.0
604416,313850,33,3.0,30.0,30.0,1.0,50.0
604415,313849,33,3.0,60.0,30.0,2.0,50.0
604414,313848,33,3.0,25.0,30.0,1.0,50.0
604412,313847,33,3.0,25.0,30.0,1.0,50.0
604413,313847,16,2.0,3.3,10.0,1.0,50.0
604410,313846,33,3.0,60.0,30.0,2.0,50.0
604411,313846,16,2.0,3.3,10.0,1.0,50.0
604404,313843,33,3.0,60.0,30.0,2.0,50.0
604405,313843,33,3.0,30.0,30.0,1.0,50.0
604406,313843,16,2.0,3.3,10.0,1.0,50.0
604401,313841,33,3.0,30.0,30.0,1.0,50.0
604396,313839,33,3.0,60.0,30.0,2.0,50.0
604397,313839,33,3.0,25.0,30.0,1.0,50.0
604398,313839,1036,2.0,7.4,20.0,1.0,50.0
604394,313838,33,3.0,80.0,30.0,2.0,50.0
604395,313838,16,2.0,3.3,10.0,1.0,50.0
604390,313836,33,3.0,60.0,30.0,2.0,50.0
604389,313835,33,3.0,60.0,30.0,2.0,50.0
604363,313819,16,2.0,3.3,10.0,1.0,50.0
604361,313818,1036,2.0,7.4,20.0,1.0,50.0
604362,313818,16,2.0,3.3,10.0,1.0,50.0
604359,313817,1036,2.0,7.4,20.0,1.0,50.0
604360,313817,16,2.0,3.3,10.0,1.0,50.0
604357,313816,1036,2.0,7.4,20.0,1.0,50.0
604358,313816,16,2.0,3.3,10.0,1.0,50.0
604355,313815,33,3.0,60.0,30.0,2.0,50.0
604356,313815,33,3.0,30.0,30.0,1.0,50.0
604353,313814,33,3.0,60.0,30.0,2.0,50.0
604354,313814,1036,2.0,7.0,20.0,1.0,50.0
604351,313813,33,3.0,60.0,30.0,2.0,50.0
604352,313813,16,2.0,3.3,10.0,1.0,50.0
604349,313812,1036,2.0,7.4,20.0,1.0,50.0
604350,313812,16,2.0,3.3,10.0,1.0,50.0
604348,313811,33,3.0,25.0,30.0,1.0,50.0
604346,313810,33,3.0,25.0,30.0,1.0,50.0
604347,313810,16,2.0,3.3,10.0,1.0,50.0
604343,313809,33,3.0,60.0,30.0,2.0,50.0
604344,313809,1036,2.0,7.4,20.0,1.0,50.0
604345,313809,16,2.0,3.3,10.0,1.0,50.0
604342,313808,33,3.0,25.0,30.0,1.0,50.0
604341,313807,33,3.0,30.0,30.0,1.0,50.0
604339,313806,33,3.0,30.0,30.0,1.0,50.0
604340,313806,16,2.0,3.3,10.0,3.0,50.0
604338,313805,33,3.0,30.0,30.0,1.0,50.0
604336,313804,33,3.0,60.0,30.0,2.0,50.0
604337,313804,16,2.0,3.3,10.0,1.0,50.0
604309,313789,33,3.0,25.0,30.0,1.0,50.0
604310,313789,16,2.0,3.3,10.0,1.0,50.0
604307,313788,33,3.0,60.0,30.0,2.0,50.0
604308,313788,16,2.0,3.3,10.0,1.0,50.0
604306,313787,33,3.0,30.0,30.0,1.0,50.0
604305,313786,33,3.0,60.0,30.0,2.0,50.0
604304,313785,33,3.0,30.0,30.0,1.0,50.0
604303,313784,33,3.0,25.0,30.0,1.0,50.0
604302,313783,33,3.0,30.0,30.0,1.0,50.0
604300,313782,33,3.0,60.0,30.0,2.0,50.0
604301,313782,16,2.0,3.3,10.0,1.0,50.0
604299,313781,33,3.0,25.0,30.0,1.0,50.0
604298,313780,33,3.0,30.0,30.0,1.0,50.0
604297,313779,33,3.0,30.0,30.0,1.0,50.0
604296,313778,33,3.0,60.0,30.0,2.0,30.0
604295,313777,33,3.0,30.0,30.0,1.0,50.0
604294,313776,33,3.0,25.0,30.0,1.0,50.0
604293,313775,33,3.0,30.0,30.0,1.0,50.0
604292,313774,33,3.0,60.0,30.0,2.0,50.0
604291,313773,33,3.0,25.0,30.0,1.0,50.0
604272,313763,33,3.0,30.0,30.0,1.0,50.0
604273,313763,16,2.0,3.3,10.0,3.0,50.0
604269,313762,33,3.0,30.0,30.0,1.0,50.0
604270,313762,33,3.0,30.0,30.0,1.0,50.0
604271,313762,16,2.0,3.3,10.0,2.0,50.0
604268,313761,16,2.0,7.0,20.0,1.0,50.0
604266,313760,33,3.0,30.0,30.0,1.0,50.0
604267,313760,16,2.0,3.3,10.0,1.0,50.0
604265,313759,33,3.0,30.0,30.0,1.0,50.0
604264,313758,33,3.0,60.0,30.0,2.0,50.0
604262,313757,33,3.0,30.0,30.0,1.0,50.0
604263,313757,16,2.0,3.3,10.0,1.0,50.0
604261,313756,33,3.0,30.0,30.0,1.0,50.0
604260,313755,33,3.0,30.0,30.0,1.0,50.0
604256,313754,33,3.0,30.0,30.0,1.0,50.0
604257,313754,33,3.0,30.0,30.0,1.0,50.0
604258,313754,1040,3.0,30.0,30.0,1.0,50.0
604259,313754,16,2.0,3.3,10.0,4.0,50.0
604254,313753,33,3.0,60.0,30.0,2.0,50.0
604255,313753,1036,2.0,7.4,10.0,1.0,50.0
604251,313752,33,3.0,30.0,30.0,1.0,50.0
604252,313752,1036,2.0,7.4,10.0,1.0,50.0
604253,313752,16,2.0,3.3,10.0,1.0,50.0
604249,313751,33,3.0,25.0,30.0,1.0,50.0
604250,313751,16,2.0,3.3,10.0,1.0,50.0
604247,313750,33,3.0,30.0,30.0,1.0,50.0
604248,313750,16,2.0,3.3,10.0,1.0,50.0
604243,313749,33,3.0,30.0,30.0,1.0,50.0
604244,313749,2,3.0,30.0,30.0,1.0,50.0
604245,313749,1040,3.0,30.0,30.0,3.0,50.0
604246,313749,1036,2.0,15.0,20.0,1.0,50.0
604240,313748,33,3.0,30.0,30.0,1.0,50.0
604241,313748,33,3.0,30.0,30.0,1.0,50.0
604242,313748,33,3.0,30.0,30.0,1.0,50.0
604239,313747,33,3.0,30.0,30.0,1.0,50.0
604238,313746,33,3.0,30.0,30.0,1.0,50.0
604234,313745,33,3.0,60.0,30.0,2.0,50.0
604235,313745,33,3.0,30.0,30.0,1.0,50.0
604236,313745,1036,2.0,22.0,20.0,1.0,50.0
604237,313745,16,2.0,3.3,10.0,2.0,50.0
604233,313744,33,3.0,30.0,30.0,1.0,50.0
604229,313743,33,3.0,30.0,30.0,1.0,50.0
604230,313743,33,3.0,30.0,30.0,1.0,50.0
604231,313743,1040,3.0,30.0,30.0,1.0,50.0
604232,313743,16,2.0,3.3,10.0,3.0,50.0
604228,313742,33,3.0,60.0,30.0,2.0,50.0
604227,313741,33,3.0,60.0,30.0,2.0,50.0
604224,313740,33,3.0,60.0,30.0,2.0,50.0
604225,313740,33,3.0,24.0,30.0,1.0,50.0
604226,313740,16,2.0,3.3,10.0,1.0,50.0
604223,313739,33,3.0,60.0,30.0,2.0,50.0
604219,313738,33,3.0,30.0,30.0,1.0,50.0
604220,313738,33,3.0,30.0,30.0,1.0,50.0
604221,313738,1036,2.0,22.0,20.0,1.0,50.0
604222,313738,16,2.0,3.3,10.0,1.0,50.0
604215,313737,33,3.0,30.0,30.0,1.0,50.0
604216,313737,33,3.0,30.0,30.0,1.0,50.0
604217,313737,1040,3.0,30.0,30.0,1.0,50.0
604218,313737,16,2.0,3.3,10.0,3.0,50.0
604211,313736,33,3.0,30.0,30.0,1.0,50.0
604212,313736,2,3.0,30.0,30.0,1.0,50.0
604213,313736,1036,2.0,22.0,20.0,1.0,50.0
604214,313736,1040,,15.0,30.0,3.0,50.0
604208,313735,33,3.0,120.0,30.0,2.0,50.0
604209,313735,33,3.0,60.0,30.0,2.0,50.0
604210,313735,1036,2.0,22.0,20.0,2.0,50.0
604207,313734,33,3.0,60.0,30.0,2.0,50.0
604206,313733,33,3.0,30.0,30.0,1.0,50.0
604205,313732,33,3.0,30.0,30.0,1.0,50.0
604201,313731,33,3.0,30.0,30.0,1.0,50.0
604202,313731,33,3.0,30.0,30.0,1.0,50.0
604203,313731,1036,2.0,22.0,20.0,1.0,50.0
604204,313731,16,2.0,3.3,10.0,3.0,50.0
604198,313729,33,3.0,60.0,30.0,1.0,50.0
604199,313729,33,3.0,60.0,30.0,1.0,50.0
604197,313728,33,3.0,60.0,30.0,2.0,50.0
604193,313727,33,3.0,30.0,30.0,1.0,50.0
604194,313727,2,3.0,30.0,30.0,1.0,50.0
604195,313727,1036,2.0,22.0,20.0,1.0,50.0
604196,313727,1040,,15.0,30.0,3.0,50.0
604189,313726,33,3.0,30.0,30.0,1.0,50.0
604190,313726,2,3.0,30.0,30.0,1.0,50.0
604191,313726,1036,2.0,22.0,20.0,1.0,50.0
604192,313726,1040,,15.0,30.0,3.0,50.0
604188,313725,33,3.0,30.0,30.0,1.0,50.0
604187,313724,33,3.0,30.0,30.0,1.0,50.0
604186,313723,33,3.0,30.0,30.0,1.0,50.0
604185,313722,33,3.0,30.0,30.0,1.0,50.0
604184,313721,33,3.0,30.0,30.0,1.0,50.0
604183,313720,33,3.0,30.0,30.0,1.0,50.0
796536,313720,33,3.0,30.0,30.0,1.0,50.0
604180,313719,33,3.0,30.0,30.0,1.0,50.0
604181,313719,1040,,15.0,30.0,1.0,50.0
604182,313719,16,2.0,3.3,10.0,3.0,50.0
604178,313718,33,3.0,30.0,30.0,1.0,50.0
604179,313718,33,3.0,30.0,30.0,1.0,50.0
604177,313717,33,3.0,60.0,30.0,1.0,50.0
604173,313716,33,3.0,30.0,30.0,1.0,50.0
604174,313716,2,3.0,30.0,30.0,1.0,50.0
604175,313716,1036,2.0,22.0,20.0,1.0,50.0
604176,313716,1040,,15.0,30.0,3.0,50.0
604172,313715,33,3.0,30.0,30.0,1.0,50.0
604171,313714,33,3.0,30.0,30.0,1.0,50.0
604169,313713,33,3.0,30.0,30.0,1.0,50.0
604170,313713,16,2.0,3.3,10.0,1.0,50.0
604167,313712,33,3.0,30.0,30.0,1.0,50.0
604168,313712,16,2.0,3.3,10.0,1.0,50.0
604166,313711,33,3.0,30.0,30.0,1.0,50.0
604165,313710,33,3.0,60.0,30.0,2.0,50.0
604164,313709,33,3.0,60.0,30.0,2.0,50.0
604160,313708,33,3.0,30.0,30.0,1.0,50.0
604161,313708,33,3.0,30.0,30.0,1.0,50.0
604162,313708,33,3.0,30.0,30.0,1.0,50.0
604163,313708,16,2.0,3.3,20.0,6.0,50.0
604158,313707,33,3.0,30.0,30.0,1.0,50.0
604159,313707,16,2.0,3.3,10.0,1.0,50.0
604156,313706,33,3.0,30.0,30.0,1.0,50.0
604157,313706,33,3.0,30.0,30.0,1.0,50.0
604155,313705,33,3.0,30.0,30.0,1.0,50.0
604154,313704,33,3.0,30.0,30.0,1.0,50.0
604153,313703,33,3.0,60.0,30.0,1.0,50.0
604149,313702,33,3.0,30.0,30.0,1.0,50.0
604150,313702,33,3.0,30.0,30.0,1.0,50.0
604151,313702,1040,,15.0,30.0,1.0,50.0
604152,313702,16,2.0,3.3,20.0,6.0,50.0
604148,313701,33,3.0,30.0,30.0,1.0,50.0
604147,313700,33,3.0,60.0,30.0,1.0,50.0
604144,313699,33,3.0,60.0,30.0,2.0,50.0
604145,313699,1040,3.0,22.0,30.0,1.0,50.0
604146,313699,16,2.0,3.3,20.0,3.0,50.0
604143,313698,33,3.0,60.0,30.0,1.0,50.0
604142,313697,33,3.0,30.0,30.0,1.0,50.0
604140,313696,33,3.0,30.0,30.0,1.0,50.0
604141,313696,16,2.0,3.3,10.0,1.0,50.0
604139,313695,33,3.0,30.0,30.0,1.0,50.0
604135,313694,33,3.0,30.0,30.0,1.0,50.0
604136,313694,2,3.0,30.0,30.0,1.0,50.0
604137,313694,1040,,15.0,30.0,3.0,50.0
604138,313694,1036,2.0,22.0,20.0,1.0,50.0
604133,313693,33,3.0,30.0,30.0,1.0,50.0
604134,313693,16,2.0,3.3,10.0,1.0,50.0
604130,313692,33,3.0,60.0,30.0,2.0,50.0
604131,313692,1036,2.0,7.4,10.0,1.0,50.0
604132,313692,16,2.0,3.3,10.0,1.0,50.0
604127,313690,33,3.0,30.0,30.0,1.0,50.0
604128,313690,33,3.0,60.0,30.0,2.0,50.0
604124,313688,33,3.0,30.0,30.0,1.0,50.0
604117,313683,33,3.0,30.0,30.0,1.0,50.0
604118,313683,16,2.0,3.3,10.0,1.0,50.0
604113,313682,33,3.0,30.0,30.0,1.0,50.0
604114,313682,2,3.0,30.0,30.0,1.0,50.0
604115,313682,1040,,15.0,30.0,3.0,50.0
604116,313682,1036,2.0,22.0,20.0,1.0,50.0
604111,313681,33,3.0,30.0,30.0,1.0,50.0
604112,313681,16,2.0,3.3,10.0,1.0,50.0
604109,313679,33,3.0,30.0,30.0,1.0,50.0
604108,313678,33,3.0,30.0,30.0,1.0,50.0
604105,313677,33,3.0,30.0,30.0,1.0,50.0
604106,313677,33,3.0,30.0,30.0,1.0,50.0
604107,313677,16,2.0,3.3,10.0,2.0,50.0
604104,313676,33,3.0,30.0,30.0,1.0,50.0
604102,313675,33,3.0,30.0,30.0,1.0,50.0
604103,313675,16,2.0,3.3,10.0,1.0,50.0
604097,313673,33,3.0,30.0,30.0,1.0,50.0
604098,313673,2,3.0,30.0,30.0,1.0,50.0
604099,313673,1036,2.0,22.0,20.0,1.0,50.0
604100,313673,1040,3.0,22.0,30.0,3.0,50.0
604096,313672,33,3.0,60.0,30.0,2.0,50.0
604095,313671,33,3.0,60.0,30.0,2.0,50.0
604091,313670,33,3.0,30.0,30.0,1.0,50.0
604092,313670,2,3.0,30.0,30.0,1.0,50.0
604093,313670,1040,,15.0,30.0,3.0,50.0
604094,313670,1036,2.0,22.0,20.0,1.0,50.0
604090,313669,33,3.0,30.0,30.0,1.0,50.0
604084,313667,33,3.0,30.0,30.0,1.0,50.0
604085,313667,2,3.0,30.0,30.0,1.0,50.0
604086,313667,1040,,15.0,30.0,1.0,50.0
604087,313667,16,2.0,3.3,10.0,3.0,50.0
604081,313665,33,3.0,30.0,30.0,1.0,30.0
604082,313665,16,2.0,3.3,10.0,1.0,30.0
604075,313662,33,3.0,60.0,30.0,2.0,50.0
604076,313662,16,2.0,3.3,10.0,1.0,50.0
604074,313661,33,3.0,60.0,30.0,2.0,50.0
604071,313659,33,3.0,60.0,30.0,2.0,50.0
604070,313658,33,3.0,30.0,30.0,1.0,50.0
604068,313656,33,3.0,60.0,30.0,2.0,50.0
604067,313655,33,3.0,30.0,30.0,1.0,50.0
604066,313654,33,3.0,30.0,30.0,1.0,50.0
604065,313653,33,3.0,30.0,30.0,1.0,50.0
604060,313650,33,3.0,30.0,30.0,1.0,50.0
604061,313650,16,2.0,3.3,10.0,1.0,50.0
604059,313649,33,3.0,30.0,30.0,1.0,50.0
604057,313648,33,3.0,30.0,30.0,1.0,50.0
604058,313648,1036,2.0,7.2,20.0,1.0,50.0
604056,313647,33,3.0,50.0,30.0,2.0,50.0
604053,313646,33,3.0,30.0,30.0,2.0,50.0
604054,313646,33,3.0,30.0,30.0,2.0,50.0
604055,313646,33,3.0,60.0,30.0,2.0,50.0
604051,313645,33,3.0,30.0,30.0,2.0,50.0
604052,313645,33,3.0,30.0,30.0,2.0,50.0
604049,313644,33,3.0,30.0,30.0,2.0,50.0
604050,313644,33,3.0,30.0,30.0,2.0,50.0
604048,313643,33,3.0,30.0,30.0,1.0,50.0
604047,313642,33,3.0,25.0,30.0,1.0,50.0
604046,313641,33,3.0,30.0,30.0,1.0,50.0
604043,313640,33,3.0,30.0,30.0,1.0,50.0
604044,313640,2,3.0,30.0,30.0,1.0,50.0
604045,313640,1040,,15.0,30.0,3.0,50.0
604041,313639,33,3.0,30.0,30.0,1.0,50.0
604042,313639,16,2.0,3.3,10.0,1.0,50.0
604040,313638,33,3.0,30.0,30.0,1.0,50.0
604039,313637,33,3.0,60.0,30.0,2.0,50.0
604038,313636,33,3.0,30.0,30.0,1.0,50.0
604034,313635,33,3.0,30.0,30.0,1.0,50.0
604035,313635,2,3.0,30.0,30.0,1.0,50.0
604036,313635,1036,2.0,22.0,20.0,1.0,50.0
604037,313635,1040,,15.0,30.0,3.0,50.0
604031,313634,33,3.0,30.0,30.0,1.0,50.0
604032,313634,1036,2.0,7.4,20.0,1.0,50.0
604033,313634,16,2.0,3.3,10.0,1.0,50.0
604029,313633,33,3.0,30.0,30.0,1.0,50.0
604030,313633,16,2.0,3.3,10.0,1.0,50.0
604024,313632,33,3.0,30.0,30.0,1.0,50.0
604025,313632,2,3.0,30.0,30.0,1.0,50.0
604026,313632,1036,2.0,22.0,20.0,1.0,50.0
604027,313632,1040,,15.0,30.0,3.0,50.0
604020,313631,33,3.0,30.0,30.0,1.0,30.0
604021,313631,2,3.0,30.0,30.0,1.0,30.0
604022,313631,1036,2.0,22.0,20.0,1.0,30.0
604023,313631,1040,3.0,22.0,30.0,3.0,30.0
604019,313630,33,3.0,30.0,30.0,1.0,50.0
604018,313629,33,3.0,30.0,30.0,1.0,50.0
604017,313628,33,3.0,60.0,30.0,2.0,50.0
604013,313627,33,3.0,30.0,30.0,1.0,50.0
604014,313627,2,3.0,30.0,30.0,1.0,50.0
604015,313627,1036,2.0,22.0,20.0,1.0,50.0
604016,313627,1040,,15.0,30.0,3.0,50.0
604012,313626,33,3.0,60.0,30.0,2.0,50.0
604010,313625,33,3.0,30.0,30.0,1.0,50.0
604011,313625,33,3.0,30.0,30.0,1.0,50.0
604008,313624,33,3.0,30.0,30.0,1.0,50.0
604009,313624,33,3.0,30.0,30.0,1.0,50.0
604005,313623,33,3.0,30.0,30.0,1.0,50.0
604006,313623,33,3.0,30.0,30.0,1.0,50.0
604007,313623,1036,2.0,22.0,20.0,2.0,50.0
604004,313622,33,3.0,30.0,30.0,1.0,50.0
604001,313621,33,3.0,60.0,30.0,2.0,50.0
604002,313621,1036,2.0,7.5,20.0,1.0,50.0
604003,313621,16,2.0,3.3,10.0,1.0,50.0
604000,313620,33,3.0,60.0,30.0,2.0,50.0
796512,313620,33,3.0,60.0,30.0,2.0,50.0
603997,313619,33,3.0,60.0,30.0,2.0,50.0
603998,313619,1036,,7.4,30.0,1.0,50.0
603999,313619,1036,2.0,7.4,20.0,2.0,150.0
603995,313618,33,3.0,30.0,30.0,1.0,50.0
603996,313618,16,2.0,3.3,10.0,1.0,50.0
603994,313617,33,3.0,30.0,30.0,1.0,50.0
603993,313616,33,3.0,60.0,30.0,2.0,50.0
603989,313615,33,3.0,30.0,30.0,1.0,50.0
603990,313615,33,3.0,30.0,30.0,1.0,50.0
603991,313615,1040,3.0,22.0,30.0,1.0,50.0
603992,313615,16,2.0,3.3,10.0,3.0,50.0
603988,313614,33,3.0,30.0,30.0,1.0,50.0
603986,313613,33,3.0,30.0,30.0,1.0,50.0
603987,313613,1036,2.0,7.4,20.0,1.0,50.0
603984,313612,33,3.0,30.0,30.0,1.0,50.0
603985,313612,33,3.0,30.0,30.0,1.0,50.0
603983,313611,33,3.0,60.0,30.0,2.0,50.0
603981,313610,33,3.0,30.0,30.0,1.0,50.0
603982,313610,16,2.0,3.3,10.0,1.0,50.0
603977,313609,33,3.0,30.0,30.0,1.0,50.0
603978,313609,33,3.0,30.0,30.0,1.0,50.0
603979,313609,1040,,15.0,30.0,1.0,50.0
603980,313609,16,2.0,3.3,10.0,3.0,50.0
603975,313608,33,3.0,30.0,30.0,1.0,50.0
603976,313608,16,2.0,3.3,10.0,1.0,50.0
603970,313606,33,3.0,30.0,30.0,1.0,50.0
603971,313606,1036,2.0,7.4,20.0,1.0,50.0
603972,313606,16,2.0,3.3,10.0,1.0,50.0
603968,313605,33,3.0,30.0,30.0,1.0,50.0
603969,313605,16,2.0,3.3,10.0,1.0,50.0
603965,313603,33,3.0,30.0,30.0,1.0,50.0
603966,313603,1036,2.0,7.4,20.0,1.0,50.0
603964,313602,33,3.0,24.0,30.0,1.0,50.0
603963,313601,33,3.0,40.0,30.0,2.0,50.0
603962,313600,33,3.0,60.0,30.0,2.0,50.0
603960,313599,33,3.0,30.0,30.0,1.0,50.0
603961,313599,16,2.0,3.3,10.0,1.0,50.0
603959,313598,33,3.0,30.0,30.0,1.0,50.0
603957,313597,33,3.0,30.0,30.0,1.0,50.0
603958,313597,16,2.0,3.3,10.0,1.0,50.0
603950,313594,33,3.0,30.0,30.0,1.0,50.0
603951,313594,33,3.0,30.0,30.0,1.0,50.0
603952,313594,1040,,15.0,30.0,1.0,50.0
603953,313594,16,2.0,3.3,10.0,3.0,50.0
603947,313593,33,3.0,30.0,30.0,1.0,50.0
603948,313593,33,3.0,30.0,30.0,1.0,50.0
603949,313593,16,2.0,3.3,10.0,1.0,50.0
603946,313592,33,3.0,30.0,30.0,1.0,50.0
603945,313591,33,3.0,30.0,30.0,1.0,50.0
603943,313590,33,3.0,60.0,30.0,2.0,50.0
603944,313590,16,2.0,3.3,10.0,2.0,50.0
603940,313589,33,3.0,60.0,30.0,2.0,50.0
603936,313587,33,3.0,30.0,30.0,1.0,50.0
603937,313587,1040,,,30.0,1.0,50.0
603938,313587,16,2.0,3.3,10.0,3.0,50.0
603935,313586,33,3.0,30.0,30.0,1.0,50.0
603933,313585,33,3.0,30.0,30.0,1.0,50.0
603934,313585,16,2.0,3.3,10.0,1.0,50.0
603929,313584,33,3.0,30.0,30.0,1.0,50.0
603930,313584,2,3.0,30.0,30.0,1.0,50.0
603931,313584,1040,,15.0,30.0,1.0,50.0
603932,313584,16,2.0,3.3,10.0,3.0,50.0
603928,313583,33,3.0,30.0,30.0,1.0,50.0
603927,313582,33,3.0,30.0,30.0,1.0,50.0
603924,313581,33,3.0,30.0,30.0,2.0,50.0
603925,313581,1040,3.0,30.0,30.0,1.0,50.0
603926,313581,16,2.0,3.3,20.0,3.0,50.0
603923,313580,33,3.0,30.0,30.0,1.0,50.0
796493,313580,33,3.0,30.0,30.0,1.0,50.0
603921,313579,33,3.0,60.0,30.0,2.0,50.0
603922,313579,16,2.0,3.3,10.0,1.0,50.0
603920,313578,33,3.0,40.0,30.0,1.0,50.0
603919,313577,33,3.0,25.0,30.0,1.0,100.0
603916,313576,33,3.0,30.0,30.0,1.0,50.0
603917,313576,1036,2.0,7.4,20.0,1.0,50.0
603918,313576,16,2.0,3.3,10.0,1.0,50.0
603913,313575,33,3.0,60.0,30.0,2.0,50.0
603914,313575,1036,2.0,7.4,20.0,1.0,50.0
603915,313575,16,2.0,3.3,20.0,1.0,50.0
603909,313574,33,3.0,60.0,30.0,2.0,50.0
603910,313574,33,3.0,30.0,30.0,1.0,50.0
603911,313574,1036,2.0,22.0,20.0,1.0,50.0
603912,313574,16,2.0,3.3,20.0,4.0,50.0
603900,313569,33,3.0,60.0,30.0,2.0,50.0
603891,313567,33,3.0,30.0,30.0,1.0,30.0
603892,313567,33,3.0,30.0,30.0,1.0,30.0
603893,313567,1040,,15.0,30.0,1.0,30.0
603894,313567,16,2.0,3.3,10.0,3.0,50.0
603882,313560,33,3.0,30.0,30.0,1.0,50.0
603881,313559,33,3.0,30.0,30.0,1.0,50.0
603877,313557,33,3.0,90.0,30.0,2.0,50.0
603878,313557,16,2.0,3.3,10.0,1.0,50.0
603875,313555,33,3.0,60.0,30.0,2.0,30.0
603874,313554,33,3.0,25.0,30.0,1.0,50.0
603873,313553,33,3.0,30.0,30.0,1.0,50.0
603871,313552,33,3.0,25.0,30.0,1.0,50.0
603872,313552,16,2.0,3.3,10.0,1.0,50.0
603869,313550,33,3.0,30.0,30.0,1.0,50.0
603868,313549,33,3.0,30.0,30.0,1.0,50.0
603866,313548,33,3.0,30.0,30.0,1.0,50.0
603867,313548,16,2.0,3.3,20.0,1.0,50.0
603865,313547,33,3.0,30.0,30.0,1.0,50.0
603863,313546,33,3.0,30.0,30.0,1.0,50.0
603864,313546,16,2.0,3.3,20.0,1.0,50.0
603862,313545,33,3.0,30.0,30.0,1.0,50.0
603853,313541,33,3.0,30.0,30.0,1.0,50.0
603852,313540,33,3.0,30.0,30.0,1.0,50.0
603848,313539,33,3.0,30.0,30.0,1.0,50.0
603849,313539,2,3.0,30.0,30.0,1.0,50.0
603850,313539,1036,2.0,22.0,20.0,1.0,50.0
603851,313539,1040,,15.0,30.0,3.0,30.0
603847,313538,33,3.0,60.0,30.0,2.0,50.0
603845,313537,33,3.0,60.0,30.0,1.0,50.0
603846,313537,33,3.0,60.0,30.0,1.0,50.0
603844,313536,33,3.0,30.0,30.0,1.0,50.0
603843,313535,33,3.0,30.0,30.0,1.0,50.0
603841,313534,33,3.0,30.0,30.0,1.0,50.0
603842,313534,16,2.0,3.3,10.0,1.0,50.0
603837,313533,33,3.0,30.0,30.0,1.0,30.0
603838,313533,2,3.0,30.0,30.0,1.0,30.0
603839,313533,1036,2.0,22.0,20.0,1.0,30.0
603840,313533,1040,,15.0,30.0,3.0,30.0
603833,313532,33,3.0,30.0,30.0,1.0,50.0
603834,313532,2,3.0,30.0,30.0,1.0,50.0
603835,313532,1036,2.0,22.0,20.0,1.0,50.0
603836,313532,1040,,15.0,30.0,3.0,50.0
603830,313531,33,3.0,60.0,30.0,2.0,50.0
603831,313531,2,3.0,60.0,30.0,1.0,50.0
603832,313531,1036,2.0,3.3,20.0,3.0,50.0
603827,313530,33,3.0,60.0,30.0,2.0,50.0
603828,313530,2,,15.0,30.0,1.0,50.0
603829,313530,1036,2.0,3.3,20.0,3.0,50.0
603824,313529,33,3.0,60.0,30.0,1.0,50.0
603825,313529,2,3.0,60.0,30.0,1.0,50.0
603826,313529,1036,2.0,22.0,20.0,1.0,50.0
603821,313528,33,3.0,60.0,30.0,1.0,50.0
603822,313528,2,3.0,60.0,30.0,1.0,50.0
603823,313528,1036,2.0,22.0,20.0,1.0,50.0
603818,313527,33,3.0,60.0,30.0,1.0,50.0
603819,313527,2,3.0,60.0,30.0,1.0,50.0
603820,313527,1036,2.0,22.0,20.0,1.0,50.0
603815,313526,33,3.0,60.0,30.0,1.0,50.0
603816,313526,2,3.0,60.0,30.0,1.0,50.0
603817,313526,1036,2.0,22.0,20.0,1.0,50.0
603812,313525,33,3.0,60.0,30.0,1.0,30.0
603813,313525,2,3.0,60.0,30.0,1.0,30.0
603814,313525,1036,2.0,22.0,20.0,1.0,30.0
603798,313515,33,3.0,60.0,30.0,1.0,50.0
603799,313515,2,3.0,60.0,30.0,1.0,50.0
603800,313515,1036,2.0,22.0,20.0,1.0,50.0
603795,313514,33,3.0,60.0,30.0,1.0,50.0
603796,313514,2,3.0,60.0,30.0,1.0,50.0
603797,313514,1036,2.0,22.0,20.0,1.0,50.0
603792,313513,33,3.0,60.0,30.0,1.0,50.0
603793,313513,2,3.0,60.0,30.0,1.0,50.0
603794,313513,1036,2.0,22.0,20.0,1.0,50.0
603789,313512,33,3.0,60.0,30.0,1.0,50.0
603790,313512,2,3.0,60.0,30.0,1.0,50.0
603791,313512,1036,2.0,22.0,20.0,1.0,50.0
603785,313511,33,3.0,60.0,30.0,1.0,50.0
603786,313511,2,3.0,60.0,30.0,1.0,50.0
603787,313511,1036,,15.0,30.0,1.0,50.0
603788,313511,1036,2.0,22.0,20.0,1.0,50.0
603782,313510,33,3.0,60.0,30.0,1.0,50.0
603783,313510,2,3.0,60.0,30.0,1.0,50.0
603784,313510,1036,2.0,22.0,20.0,1.0,50.0
603779,313509,33,3.0,60.0,30.0,1.0,50.0
603780,313509,2,3.0,60.0,30.0,1.0,50.0
603781,313509,1036,2.0,20.0,20.0,1.0,50.0
603775,313508,33,3.0,60.0,30.0,1.0,50.0
603776,313508,2,3.0,60.0,30.0,1.0,50.0
603777,313508,1036,,15.0,30.0,1.0,50.0
603778,313508,1036,2.0,22.0,20.0,1.0,50.0
603773,313507,33,3.0,30.0,30.0,1.0,150.0
603774,313507,33,3.0,30.0,30.0,1.0,150.0
603771,313506,33,3.0,60.0,30.0,2.0,50.0
603769,313505,33,3.0,30.0,30.0,1.0,50.0
603770,313505,33,3.0,30.0,30.0,1.0,50.0
603767,313504,33,3.0,30.0,30.0,1.0,150.0
603768,313504,33,3.0,30.0,30.0,1.0,150.0
603765,313503,33,3.0,30.0,30.0,1.0,150.0
603766,313503,33,3.0,30.0,30.0,1.0,150.0
603763,313502,33,3.0,30.0,30.0,1.0,50.0
603764,313502,33,3.0,30.0,30.0,1.0,50.0
603761,313501,33,3.0,30.0,30.0,1.0,150.0
603762,313501,33,3.0,30.0,30.0,1.0,150.0
603759,313500,33,3.0,30.0,30.0,1.0,150.0
603760,313500,33,3.0,30.0,30.0,1.0,150.0
603757,313499,33,3.0,90.0,30.0,1.0,50.0
603758,313499,33,3.0,90.0,30.0,1.0,50.0
603756,313498,33,3.0,30.0,30.0,1.0,50.0
603754,313497,33,3.0,90.0,30.0,2.0,50.0
603755,313497,33,3.0,30.0,30.0,1.0,50.0
603752,313496,33,3.0,30.0,30.0,1.0,50.0
603753,313496,33,3.0,30.0,30.0,1.0,50.0
603750,313495,33,3.0,30.0,30.0,1.0,150.0
603751,313495,33,3.0,30.0,30.0,1.0,150.0
603748,313494,33,3.0,30.0,30.0,1.0,50.0
603749,313494,33,3.0,30.0,30.0,1.0,50.0
603746,313493,33,3.0,30.0,30.0,1.0,50.0
603747,313493,33,3.0,30.0,30.0,1.0,50.0
603744,313492,33,3.0,30.0,30.0,1.0,50.0
603741,313491,33,3.0,30.0,30.0,1.0,50.0
603742,313491,33,3.0,30.0,30.0,1.0,50.0
603743,313491,16,2.0,3.3,10.0,1.0,50.0
603739,313490,33,3.0,30.0,30.0,1.0,150.0
603740,313490,33,3.0,30.0,30.0,1.0,150.0
603737,313489,33,3.0,30.0,30.0,1.0,50.0
603738,313489,33,3.0,30.0,30.0,1.0,50.0
603735,313488,33,3.0,30.0,30.0,1.0,50.0
603736,313488,33,3.0,30.0,30.0,1.0,50.0
603714,313475,33,3.0,50.0,30.0,1.0,30.0
603713,313474,33,3.0,30.0,30.0,1.0,50.0
603709,313472,33,3.0,30.0,30.0,1.0,50.0
603710,313472,1036,2.0,7.4,20.0,1.0,50.0
603711,313472,16,2.0,3.3,10.0,1.0,50.0
603706,313471,33,3.0,60.0,30.0,2.0,50.0
603704,313469,33,3.0,24.0,30.0,1.0,50.0
603703,313468,1036,2.0,22.0,20.0,1.0,50.0
603702,313467,33,3.0,24.0,30.0,1.0,50.0
603697,313465,33,3.0,120.0,30.0,2.0,50.0
603699,313465,33,3.0,60.0,30.0,2.0,50.0
603694,313464,33,3.0,60.0,30.0,2.0,50.0
603696,313464,33,3.0,24.0,30.0,1.0,50.0
603688,313461,33,3.0,60.0,30.0,2.0,50.0
603687,313460,33,3.0,24.0,30.0,1.0,50.0
603685,313459,33,3.0,60.0,30.0,2.0,50.0
603684,313458,33,3.0,24.0,30.0,1.0,50.0
603681,313456,33,3.0,24.0,30.0,1.0,50.0
603679,313455,33,3.0,60.0,30.0,2.0,50.0
603678,313454,33,3.0,24.0,30.0,1.0,50.0
603676,313453,33,3.0,60.0,30.0,2.0,50.0
603671,313452,33,3.0,120.0,30.0,2.0,50.0
603673,313452,33,3.0,60.0,30.0,2.0,50.0
603675,313452,33,3.0,24.0,30.0,1.0,50.0
603669,313451,33,3.0,60.0,30.0,2.0,50.0
603668,313450,33,3.0,24.0,30.0,1.0,50.0
603666,313449,1036,2.0,22.0,20.0,1.0,50.0
603667,313449,1036,2.0,22.0,20.0,1.0,50.0
603662,313447,33,3.0,60.0,30.0,2.0,50.0
603664,313447,33,3.0,24.0,30.0,1.0,50.0
603661,313446,33,3.0,50.0,30.0,1.0,50.0
603660,313445,33,3.0,24.0,30.0,1.0,50.0
603659,313444,1036,2.0,22.0,20.0,1.0,50.0
603657,313443,33,3.0,60.0,30.0,2.0,50.0
603656,313442,1036,2.0,22.0,20.0,1.0,50.0
603654,313441,1036,2.0,22.0,20.0,1.0,50.0
603655,313441,1036,2.0,22.0,20.0,1.0,50.0
603653,313440,1036,2.0,22.0,20.0,1.0,50.0
603651,313439,33,3.0,60.0,30.0,2.0,50.0
603650,313438,33,3.0,50.0,30.0,1.0,50.0
603649,313437,33,3.0,24.0,30.0,1.0,50.0
603647,313436,1036,2.0,22.0,20.0,1.0,50.0
603648,313436,1036,2.0,22.0,20.0,1.0,50.0
603646,313435,33,3.0,24.0,30.0,1.0,50.0
603645,313434,33,3.0,24.0,30.0,1.0,50.0
603643,313433,33,3.0,60.0,30.0,2.0,50.0
603642,313432,33,3.0,24.0,30.0,1.0,50.0
603641,313431,33,3.0,24.0,30.0,1.0,50.0
603637,313430,33,3.0,30.0,30.0,1.0,50.0
603638,313430,33,3.0,30.0,30.0,1.0,50.0
603639,313430,1036,2.0,7.4,20.0,1.0,50.0
603640,313430,16,2.0,3.3,20.0,1.0,50.0
603625,313420,33,3.0,30.0,30.0,1.0,50.0
603626,313420,33,3.0,30.0,30.0,1.0,50.0
603624,313419,33,3.0,30.0,30.0,1.0,50.0
603622,313418,33,3.0,60.0,30.0,2.0,50.0
603621,313417,33,3.0,30.0,30.0,1.0,50.0
603620,313416,33,3.0,30.0,30.0,1.0,50.0
603604,313406,33,3.0,24.0,30.0,1.0,50.0
603601,313405,33,3.0,60.0,30.0,1.0,50.0
603602,313405,33,3.0,60.0,30.0,1.0,50.0
603603,313405,16,2.0,3.3,20.0,1.0,50.0
603599,313404,33,3.0,60.0,30.0,2.0,50.0
603597,313403,33,3.0,30.0,30.0,1.0,50.0
603598,313403,16,2.0,3.3,20.0,1.0,50.0
603595,313402,1036,2.0,22.0,20.0,1.0,50.0
603596,313402,1036,2.0,22.0,20.0,1.0,50.0
603593,313401,33,3.0,30.0,30.0,1.0,50.0
603594,313401,16,2.0,3.3,20.0,1.0,50.0
603592,313400,33,3.0,60.0,30.0,1.0,50.0
603591,313399,33,3.0,30.0,30.0,1.0,50.0
603589,313398,33,3.0,60.0,30.0,1.0,50.0
603590,313398,33,3.0,60.0,30.0,1.0,50.0
603588,313397,33,3.0,60.0,30.0,1.0,50.0
603586,313396,33,3.0,30.0,30.0,1.0,50.0
603587,313396,1040,3.0,20.0,30.0,1.0,50.0
603584,313395,33,3.0,30.0,30.0,1.0,50.0
603585,313395,1040,3.0,20.0,30.0,1.0,50.0
603583,313394,33,3.0,30.0,30.0,1.0,50.0
603580,313393,33,3.0,60.0,30.0,1.0,50.0
603581,313393,33,3.0,60.0,30.0,1.0,50.0
603582,313393,33,3.0,30.0,30.0,1.0,50.0
603577,313392,33,3.0,60.0,30.0,2.0,50.0
603578,313392,33,3.0,60.0,30.0,1.0,50.0
603579,313392,33,3.0,30.0,30.0,1.0,50.0
603576,313391,33,3.0,40.0,30.0,2.0,50.0
603574,313390,33,3.0,60.0,30.0,2.0,50.0
602343,312635,33,3.0,30.0,30.0,1.0,50.0
601969,312412,33,3.0,60.0,30.0,2.0,50.0
601886,312374,33,3.0,60.0,30.0,1.0,50.0
601885,312373,33,3.0,30.0,30.0,1.0,50.0
601213,312061,33,3.0,60.0,30.0,2.0,50.0
601211,312060,33,3.0,30.0,30.0,1.0,50.0
601212,312060,0,2.0,3.2,10.0,3.0,50.0
601210,312059,33,3.0,60.0,30.0,2.0,50.0
601209,312058,33,3.0,30.0,30.0,2.0,50.0
601124,312046,33,3.0,60.0,30.0,2.0,50.0
600982,311985,33,3.0,60.0,30.0,2.0,50.0
600979,311983,33,3.0,30.0,30.0,2.0,50.0
600970,311977,33,3.0,150.0,30.0,1.0,50.0
600971,311977,33,3.0,30.0,30.0,1.0,50.0
600881,311910,33,3.0,24.0,30.0,1.0,50.0
600882,311910,1036,2.0,22.0,20.0,1.0,50.0
600858,311895,0,,,10.0,,30.0
600743,311813,0,2.0,9.0,20.0,1.0,50.0
600744,311813,33,2.0,7.4,20.0,1.0,50.0
600590,311731,33,3.0,120.0,30.0,2.0,50.0
600492,311680,33,3.0,30.0,30.0,1.0,50.0
600491,311679,33,3.0,24.0,30.0,1.0,50.0
600490,311678,33,3.0,30.0,30.0,2.0,50.0
600489,311677,33,3.0,24.0,30.0,1.0,50.0
600487,311676,33,3.0,60.0,30.0,2.0,50.0
600488,311676,33,3.0,60.0,30.0,2.0,50.0
600444,311648,33,3.0,30.0,30.0,2.0,50.0
600443,311647,33,3.0,50.0,30.0,1.0,50.0
600442,311646,33,3.0,60.0,30.0,2.0,50.0
600440,311645,33,3.0,50.0,30.0,1.0,50.0
600441,311645,33,3.0,50.0,30.0,1.0,50.0
600438,311644,33,3.0,30.0,30.0,2.0,50.0
600439,311644,33,3.0,50.0,30.0,1.0,50.0
600437,311643,33,3.0,24.0,30.0,1.0,50.0
600435,311642,1036,2.0,22.0,20.0,1.0,50.0
600436,311642,33,3.0,24.0,30.0,1.0,50.0
600434,311641,33,3.0,30.0,30.0,2.0,50.0
600432,311640,33,3.0,30.0,30.0,2.0,50.0
600433,311640,33,3.0,50.0,30.0,1.0,50.0
600431,311639,33,3.0,24.0,30.0,1.0,50.0
600430,311638,33,3.0,24.0,30.0,1.0,50.0
600429,311637,33,3.0,30.0,30.0,1.0,50.0
600427,311636,1036,2.0,22.0,20.0,1.0,50.0
600428,311636,33,3.0,30.0,30.0,2.0,50.0
600426,311635,33,3.0,24.0,30.0,1.0,50.0
600424,311634,33,3.0,30.0,30.0,2.0,50.0
600425,311634,33,3.0,30.0,30.0,2.0,50.0
600423,311633,33,3.0,50.0,30.0,1.0,50.0
600419,311632,34,2.0,3.3,10.0,1.0,50.0
600420,311632,33,3.0,60.0,30.0,2.0,50.0
600421,311632,1036,2.0,22.0,20.0,1.0,50.0
600422,311632,33,3.0,30.0,30.0,2.0,50.0
600418,311631,33,3.0,24.0,30.0,1.0,50.0
600416,311630,33,3.0,30.0,30.0,2.0,50.0
600417,311630,34,2.0,3.3,10.0,1.0,50.0
600415,311629,33,3.0,30.0,30.0,2.0,50.0
600414,311628,33,3.0,60.0,30.0,2.0,50.0
600413,311627,33,3.0,50.0,30.0,1.0,50.0
600412,311626,33,3.0,30.0,30.0,2.0,50.0
600411,311625,1036,2.0,7.4,20.0,1.0,50.0
600410,311624,33,3.0,30.0,30.0,1.0,50.0
600408,311623,33,3.0,50.0,30.0,1.0,50.0
600409,311623,33,3.0,60.0,30.0,1.0,50.0
600406,311622,1036,2.0,22.0,20.0,1.0,50.0
600407,311622,1036,2.0,22.0,20.0,1.0,50.0
600388,311610,33,3.0,45.0,30.0,2.0,50.0
600387,311609,33,3.0,25.0,30.0,1.0,50.0
600386,311608,33,3.0,30.0,30.0,1.0,50.0
600385,311607,33,3.0,25.0,30.0,2.0,50.0
600384,311606,33,3.0,30.0,30.0,1.0,50.0
600383,311605,1036,2.0,7.4,20.0,1.0,50.0
600382,311604,33,3.0,30.0,30.0,1.0,50.0
600381,311603,33,,15.0,30.0,2.0,50.0
600380,311602,33,3.0,30.0,30.0,1.0,50.0
600377,311601,33,3.0,30.0,30.0,1.0,50.0
600378,311601,33,3.0,30.0,30.0,1.0,50.0
600379,311601,1036,2.0,7.5,20.0,2.0,50.0
600375,311600,33,3.0,60.0,30.0,1.0,50.0
600376,311600,1036,3.0,22.0,30.0,1.0,50.0
600370,311599,33,3.0,24.0,30.0,1.0,50.0
600371,311599,33,3.0,24.0,30.0,1.0,50.0
600372,311599,33,3.0,24.0,30.0,1.0,50.0
600373,311599,33,3.0,30.0,30.0,1.0,50.0
600374,311599,1036,2.0,7.4,20.0,3.0,50.0
600389,311599,33,3.0,30.0,30.0,2.0,50.0
600369,311598,33,3.0,50.0,30.0,1.0,50.0
600368,311597,33,3.0,30.0,30.0,1.0,50.0
600367,311596,33,,15.0,30.0,2.0,50.0
600366,311595,1036,2.0,7.4,20.0,1.0,50.0
600365,311594,1036,2.0,7.4,20.0,1.0,50.0
600364,311593,33,3.0,30.0,30.0,2.0,50.0
600336,311580,33,3.0,30.0,30.0,1.0,50.0
600299,311561,1036,2.0,22.0,20.0,1.0,50.0
600298,311560,33,3.0,25.0,30.0,2.0,50.0
600297,311559,1036,2.0,7.4,20.0,1.0,50.0
600296,311558,33,3.0,30.0,30.0,2.0,50.0
600294,311557,1036,2.0,22.0,20.0,1.0,50.0
600295,311557,1036,2.0,22.0,20.0,1.0,50.0
600293,311556,1036,2.0,7.4,20.0,1.0,50.0
600292,311555,33,3.0,25.0,30.0,1.0,50.0
600291,311554,33,3.0,30.0,30.0,1.0,50.0
600290,311553,33,3.0,30.0,30.0,1.0,50.0
600289,311552,33,3.0,30.0,30.0,2.0,50.0
600288,311551,33,3.0,30.0,30.0,2.0,50.0
600287,311550,33,3.0,30.0,30.0,1.0,50.0
600286,311549,33,3.0,25.0,30.0,2.0,50.0
600285,311548,33,3.0,30.0,30.0,1.0,50.0
600284,311547,33,3.0,30.0,30.0,1.0,50.0
600282,311546,33,3.0,30.0,30.0,2.0,50.0
600283,311546,1036,2.0,7.0,20.0,1.0,50.0
600279,311545,33,3.0,24.0,30.0,1.0,50.0
600280,311545,1036,2.0,7.0,20.0,1.0,50.0
600281,311545,1036,2.0,7.0,20.0,1.0,50.0
600278,311544,33,3.0,60.0,30.0,2.0,50.0
600277,311543,33,3.0,24.0,30.0,1.0,50.0
600276,311542,33,3.0,50.0,30.0,1.0,50.0
600275,311541,33,3.0,30.0,30.0,2.0,50.0
600274,311540,1036,2.0,7.4,20.0,1.0,50.0
600273,311539,33,3.0,30.0,30.0,1.0,50.0
600272,311538,33,3.0,75.0,30.0,2.0,50.0
600270,311537,33,3.0,50.0,30.0,1.0,50.0
600271,311537,33,3.0,30.0,30.0,2.0,50.0
600269,311536,33,3.0,30.0,30.0,2.0,50.0
600268,311535,33,3.0,30.0,30.0,2.0,50.0
600267,311534,33,3.0,30.0,30.0,2.0,50.0
600264,311532,33,3.0,25.0,30.0,1.0,50.0
600265,311532,1036,2.0,7.0,20.0,1.0,50.0
600263,311531,33,3.0,60.0,30.0,2.0,50.0
600262,311530,33,3.0,60.0,30.0,2.0,50.0
600261,311529,33,3.0,30.0,30.0,2.0,50.0
600260,311528,33,3.0,30.0,30.0,2.0,50.0
600259,311527,33,3.0,30.0,30.0,2.0,50.0
600258,311526,33,3.0,30.0,30.0,1.0,50.0
600257,311525,33,3.0,60.0,30.0,2.0,50.0
600256,311524,33,3.0,30.0,30.0,2.0,50.0
600255,311523,33,3.0,25.0,30.0,1.0,50.0
600245,311518,33,3.0,25.0,30.0,1.0,50.0
600228,311504,33,3.0,30.0,30.0,1.0,50.0
600227,311503,33,3.0,30.0,30.0,2.0,50.0
600226,311502,33,3.0,30.0,30.0,2.0,50.0
600225,311501,33,3.0,60.0,30.0,2.0,50.0
600224,311500,33,3.0,60.0,30.0,2.0,50.0
600222,311499,33,3.0,60.0,30.0,2.0,50.0
600223,311499,33,3.0,60.0,30.0,2.0,50.0
600221,311498,33,3.0,60.0,30.0,2.0,50.0
600220,311497,33,3.0,60.0,30.0,2.0,50.0
600219,311496,33,3.0,60.0,30.0,2.0,50.0
600217,311495,33,3.0,25.0,30.0,1.0,50.0
600218,311495,2,3.0,25.0,30.0,1.0,50.0
600216,311494,33,3.0,30.0,30.0,1.0,50.0
600215,311493,33,3.0,60.0,30.0,2.0,50.0
600214,311492,33,3.0,120.0,30.0,2.0,50.0
600213,311491,33,3.0,50.0,30.0,1.0,50.0
600212,311490,33,3.0,60.0,30.0,2.0,50.0
600211,311489,33,3.0,60.0,30.0,2.0,50.0
600210,311488,33,3.0,60.0,30.0,2.0,50.0
600209,311487,33,3.0,60.0,30.0,2.0,50.0
600207,311486,33,3.0,25.0,30.0,1.0,50.0
600208,311486,2,3.0,25.0,30.0,1.0,50.0
600206,311485,33,3.0,60.0,30.0,2.0,50.0
600204,311484,33,3.0,120.0,30.0,2.0,50.0
600205,311484,33,3.0,120.0,30.0,1.0,50.0
600203,311483,33,3.0,30.0,30.0,2.0,50.0
600201,311482,33,3.0,120.0,30.0,2.0,50.0
600202,311482,33,3.0,120.0,30.0,2.0,50.0
600199,311481,33,3.0,50.0,30.0,1.0,50.0
600200,311481,33,3.0,60.0,30.0,2.0,50.0
600198,311480,33,3.0,60.0,30.0,2.0,50.0
600197,311479,16,,,10.0,1.0,50.0
600171,311464,33,3.0,120.0,30.0,2.0,50.0
600170,311463,33,3.0,24.0,30.0,1.0,50.0
600169,311462,33,3.0,60.0,30.0,2.0,50.0
600168,311461,33,3.0,60.0,30.0,2.0,50.0
600167,311460,33,3.0,30.0,30.0,2.0,50.0
600166,311459,33,3.0,60.0,30.0,1.0,50.0
600164,311458,33,3.0,25.0,30.0,1.0,50.0
600165,311458,2,3.0,25.0,30.0,1.0,50.0
600163,311457,33,3.0,60.0,30.0,2.0,50.0
600161,311456,33,3.0,30.0,30.0,2.0,50.0
600162,311456,1036,2.0,7.4,10.0,2.0,50.0
600160,311455,33,3.0,30.0,30.0,1.0,50.0
600159,311454,33,3.0,30.0,30.0,1.0,50.0
600157,311453,33,3.0,60.0,30.0,2.0,50.0
600158,311453,33,3.0,60.0,30.0,2.0,50.0
600156,311452,33,3.0,30.0,30.0,1.0,50.0
600155,311451,1036,2.0,7.4,20.0,1.0,50.0
600154,311450,33,3.0,24.0,30.0,1.0,50.0
600063,311408,33,3.0,60.0,30.0,2.0,50.0
600061,311407,33,3.0,120.0,30.0,2.0,50.0
600062,311407,33,3.0,120.0,30.0,2.0,50.0
599850,311285,1036,2.0,7.2,10.0,1.0,50.0
599848,311284,1036,2.0,7.2,20.0,1.0,50.0
599849,311284,25,3.0,1000000.0,20.0,10.0,50.0
594554,309500,33,3.0,30.0,30.0,1.0,50.0
594517,309484,1036,2.0,7.2,20.0,1.0,50.0
594516,309483,33,3.0,30.0,30.0,1.0,50.0
594450,309444,33,3.0,30.0,30.0,1.0,50.0
594451,309444,1036,,7.0,30.0,1.0,50.0
594446,309442,33,3.0,60.0,30.0,1.0,50.0
594445,309441,33,3.0,30.0,30.0,1.0,50.0
594443,309440,33,3.0,60.0,30.0,2.0,50.0
594444,309440,33,3.0,30.0,30.0,1.0,50.0
594441,309439,33,3.0,30.0,30.0,2.0,50.0
594442,309439,33,3.0,30.0,30.0,2.0,50.0
594440,309438,33,3.0,60.0,30.0,2.0,50.0
594438,309437,33,3.0,90.0,30.0,2.0,50.0
594439,309437,33,3.0,30.0,30.0,1.0,50.0
594437,309436,33,3.0,30.0,30.0,2.0,50.0
594436,309435,33,3.0,30.0,30.0,2.0,50.0
594423,309427,33,3.0,30.0,30.0,1.0,50.0
594421,309426,33,3.0,60.0,30.0,2.0,50.0
594422,309426,1036,2.0,7.5,20.0,1.0,50.0
594420,309425,33,3.0,60.0,30.0,2.0,50.0
594416,309423,33,3.0,60.0,30.0,2.0,50.0
594415,309422,33,3.0,60.0,30.0,2.0,50.0
594170,309387,33,3.0,80.0,30.0,2.0,50.0
594040,309370,33,3.0,60.0,30.0,1.0,50.0
594039,309369,33,3.0,30.0,30.0,1.0,50.0
594038,309368,33,3.0,60.0,30.0,2.0,50.0
594036,309367,33,3.0,60.0,30.0,2.0,50.0
594037,309367,1036,2.0,7.4,20.0,1.0,50.0
593984,309357,33,3.0,60.0,30.0,2.0,50.0
593983,309356,33,3.0,60.0,30.0,1.0,50.0
593982,309355,33,3.0,30.0,30.0,1.0,50.0
593981,309354,33,3.0,30.0,30.0,1.0,50.0
593979,309353,33,3.0,30.0,30.0,1.0,50.0
593980,309353,1036,2.0,7.5,10.0,1.0,50.0
593978,309352,33,3.0,60.0,30.0,2.0,50.0
593977,309351,33,3.0,30.0,30.0,2.0,50.0
593976,309350,33,3.0,50.0,30.0,2.0,50.0
593974,309349,33,3.0,60.0,30.0,2.0,50.0
593975,309349,33,3.0,60.0,30.0,2.0,50.0
593973,309348,33,3.0,150.0,30.0,1.0,50.0
593971,309347,33,3.0,50.0,30.0,1.0,50.0
593972,309347,1036,3.0,43.0,20.0,1.0,50.0
593969,309346,33,3.0,60.0,30.0,2.0,50.0
593970,309346,33,3.0,60.0,30.0,2.0,50.0
593968,309345,33,3.0,30.0,30.0,2.0,50.0
593967,309344,33,3.0,60.0,30.0,2.0,50.0
593965,309343,33,3.0,25.0,30.0,1.0,50.0
593966,309343,2,3.0,25.0,30.0,1.0,50.0
593963,309342,33,3.0,25.0,30.0,1.0,50.0
593964,309342,2,3.0,25.0,30.0,1.0,50.0
593962,309341,33,3.0,60.0,30.0,2.0,50.0
593959,309340,33,3.0,60.0,30.0,12.0,50.0
593960,309340,34,2.0,3.3,10.0,30.0,50.0
593961,309340,1040,3.0,30.0,30.0,2.0,50.0
593958,309339,33,3.0,60.0,30.0,2.0,50.0
593957,309338,33,3.0,30.0,30.0,2.0,50.0
593956,309337,33,3.0,60.0,30.0,2.0,50.0
593949,309336,33,3.0,60.0,30.0,2.0,50.0
593950,309336,33,3.0,60.0,30.0,2.0,50.0
593951,309336,33,3.0,60.0,30.0,2.0,50.0
593952,309336,33,3.0,60.0,30.0,2.0,50.0
593953,309336,33,3.0,60.0,30.0,2.0,50.0
593954,309336,33,3.0,60.0,30.0,2.0,50.0
593955,309336,33,3.0,60.0,30.0,2.0,50.0
593948,309335,33,3.0,30.0,30.0,2.0,50.0
593947,309334,33,3.0,60.0,30.0,2.0,50.0
593946,309333,33,3.0,25.0,30.0,1.0,50.0
593944,309332,33,3.0,30.0,30.0,2.0,50.0
593945,309332,1036,2.0,7.4,10.0,2.0,50.0
593943,309331,33,3.0,24.0,30.0,1.0,50.0
593936,309330,33,3.0,60.0,30.0,2.0,50.0
593937,309330,33,3.0,60.0,30.0,2.0,50.0
593938,309330,33,3.0,60.0,30.0,2.0,50.0
593939,309330,33,3.0,60.0,30.0,2.0,50.0
593940,309330,33,3.0,60.0,30.0,2.0,50.0
593941,309330,33,3.0,60.0,30.0,2.0,50.0
593942,309330,33,3.0,60.0,30.0,2.0,50.0
593934,309329,33,3.0,60.0,30.0,2.0,50.0
593935,309329,1036,2.0,7.4,10.0,1.0,50.0
593928,309328,1036,2.0,7.4,20.0,19.0,50.0
593929,309328,33,3.0,60.0,30.0,2.0,50.0
593930,309328,33,3.0,60.0,30.0,2.0,50.0
593931,309328,33,3.0,60.0,30.0,2.0,50.0
593932,309328,33,3.0,60.0,30.0,2.0,50.0
593933,309328,33,3.0,60.0,30.0,2.0,50.0
593732,309320,33,3.0,30.0,30.0,1.0,50.0
593733,309320,33,2.0,7.4,20.0,2.0,50.0
593731,309319,33,3.0,25.0,30.0,2.0,50.0
593726,309318,33,3.0,60.0,30.0,32.0,50.0
593727,309318,34,2.0,3.3,10.0,100.0,50.0
593728,309318,1040,3.0,30.0,30.0,2.0,50.0
593729,309318,1036,2.0,7.5,10.0,1.0,50.0
593730,309318,1036,2.0,7.0,10.0,1.0,50.0
593715,309317,33,3.0,60.0,30.0,2.0,50.0
593716,309317,34,2.0,3.3,10.0,75.0,50.0
593717,309317,1040,3.0,30.0,30.0,6.0,50.0
593718,309317,1036,2.0,7.0,20.0,1.0,50.0
593719,309317,33,3.0,60.0,30.0,2.0,50.0
593720,309317,33,3.0,60.0,30.0,2.0,50.0
593721,309317,33,3.0,60.0,30.0,2.0,50.0
593722,309317,33,3.0,60.0,30.0,2.0,50.0
593723,309317,33,3.0,60.0,30.0,2.0,50.0
593724,309317,33,3.0,60.0,30.0,2.0,50.0
593725,309317,33,3.0,60.0,30.0,2.0,50.0
593714,309316,33,3.0,60.0,30.0,1.0,50.0
593713,309315,33,3.0,60.0,30.0,2.0,50.0
593703,309314,33,3.0,60.0,30.0,2.0,50.0
593704,309314,33,3.0,60.0,30.0,2.0,50.0
593705,309314,33,3.0,60.0,30.0,2.0,50.0
593706,309314,33,3.0,60.0,30.0,2.0,50.0
593707,309314,33,3.0,60.0,30.0,2.0,50.0
593708,309314,33,3.0,60.0,30.0,2.0,50.0
593709,309314,33,3.0,60.0,30.0,2.0,50.0
593710,309314,33,3.0,30.0,30.0,2.0,50.0
593711,309314,33,3.0,30.0,30.0,2.0,50.0
593712,309314,33,3.0,30.0,30.0,2.0,50.0
593702,309313,33,3.0,60.0,30.0,2.0,50.0
593701,309312,33,3.0,50.0,30.0,1.0,50.0
593700,309311,33,3.0,80.0,30.0,2.0,50.0
593699,309310,33,3.0,60.0,30.0,2.0,50.0
593698,309309,33,3.0,60.0,30.0,2.0,50.0
593697,309308,33,3.0,25.0,30.0,1.0,50.0
593696,309307,33,3.0,30.0,30.0,1.0,50.0
593694,309306,33,3.0,50.0,30.0,1.0,50.0
593695,309306,2,3.0,50.0,30.0,1.0,50.0
593692,309305,33,3.0,25.0,30.0,1.0,50.0
593693,309305,2,3.0,25.0,30.0,1.0,50.0
593690,309304,33,3.0,60.0,30.0,1.0,50.0
593691,309304,1036,2.0,7.4,20.0,5.0,50.0
593689,309303,33,3.0,60.0,30.0,2.0,50.0
593687,309302,33,3.0,25.0,30.0,1.0,50.0
593688,309302,2,3.0,25.0,30.0,1.0,50.0
593686,309301,33,3.0,60.0,30.0,2.0,50.0
593685,309300,33,3.0,25.0,30.0,1.0,50.0
593684,309299,33,3.0,25.0,30.0,1.0,50.0
593680,309298,33,3.0,60.0,30.0,2.0,50.0
593681,309298,33,3.0,60.0,30.0,2.0,50.0
593682,309298,33,3.0,60.0,30.0,2.0,50.0
593683,309298,33,3.0,60.0,30.0,2.0,50.0
593679,309297,33,3.0,60.0,30.0,2.0,50.0
593677,309296,33,3.0,60.0,30.0,1.0,50.0
593678,309296,33,3.0,60.0,30.0,2.0,50.0
593675,309295,33,3.0,30.0,30.0,1.0,50.0
593676,309295,1036,2.0,7.4,20.0,1.0,50.0
593673,309294,33,3.0,30.0,30.0,1.0,50.0
593674,309294,34,2.0,3.3,10.0,1.0,50.0
593672,309293,33,3.0,60.0,30.0,2.0,50.0
593657,309285,33,3.0,150.0,30.0,1.0,50.0
593658,309285,33,3.0,60.0,30.0,1.0,50.0
593659,309285,33,3.0,30.0,30.0,1.0,50.0
593654,309283,33,3.0,30.0,30.0,2.0,50.0
593650,309281,33,3.0,24.0,30.0,1.0,50.0
593648,309279,33,3.0,60.0,30.0,2.0,50.0
593646,309278,33,3.0,25.0,30.0,1.0,50.0
593647,309278,2,3.0,25.0,30.0,1.0,50.0
593645,309277,33,3.0,50.0,30.0,1.0,50.0
593641,309274,33,2.0,15.0,20.0,1.0,50.0
593640,309273,33,3.0,60.0,30.0,1.0,50.0
593638,309272,33,3.0,30.0,30.0,1.0,50.0
593639,309272,1036,2.0,7.4,20.0,1.0,50.0
593634,309271,33,3.0,30.0,30.0,2.0,50.0
593635,309271,33,3.0,30.0,30.0,2.0,50.0
593636,309271,33,3.0,30.0,30.0,2.0,50.0
593637,309271,33,3.0,30.0,30.0,2.0,50.0
593633,309270,33,3.0,24.0,30.0,1.0,50.0
593632,309269,33,3.0,30.0,30.0,1.0,50.0
593631,309268,33,3.0,90.0,30.0,2.0,50.0
593630,309267,33,3.0,60.0,30.0,2.0,50.0
593629,309266,33,3.0,60.0,30.0,2.0,50.0
593628,309265,33,3.0,30.0,30.0,1.0,50.0
593072,309235,33,3.0,60.0,30.0,2.0,50.0
593068,309232,33,3.0,60.0,30.0,1.0,50.0
593066,309231,1036,2.0,7.0,20.0,1.0,50.0
593067,309231,34,2.0,3.3,10.0,1.0,50.0
593065,309230,33,3.0,30.0,30.0,1.0,50.0
593064,309229,33,3.0,30.0,30.0,1.0,50.0
593063,309228,33,3.0,30.0,30.0,1.0,50.0
593062,309227,33,3.0,30.0,30.0,1.0,50.0
593061,309226,33,3.0,30.0,30.0,1.0,50.0
593060,309225,33,3.0,30.0,30.0,1.0,50.0
593059,309224,33,3.0,30.0,30.0,1.0,50.0
593058,309223,33,3.0,60.0,30.0,2.0,50.0
593057,309222,33,3.0,60.0,30.0,2.0,50.0
593056,309221,33,3.0,60.0,30.0,2.0,50.0
593054,309220,33,3.0,25.0,30.0,1.0,50.0
593055,309220,2,3.0,25.0,30.0,1.0,50.0
592970,309190,33,3.0,60.0,30.0,2.0,50.0
592968,309189,33,3.0,60.0,30.0,2.0,50.0
592969,309189,1036,2.0,7.4,10.0,1.0,50.0
592966,309188,33,3.0,25.0,30.0,1.0,50.0
592967,309188,1036,2.0,7.2,10.0,1.0,50.0
592963,309187,33,3.0,150.0,30.0,1.0,50.0
592964,309187,33,3.0,60.0,30.0,1.0,50.0
592965,309187,33,3.0,30.0,30.0,1.0,50.0
592960,309186,33,3.0,60.0,30.0,12.0,50.0
592961,309186,34,2.0,3.3,10.0,42.0,50.0
592962,309186,1040,3.0,30.0,30.0,2.0,50.0
592957,309185,33,3.0,50.0,30.0,1.0,50.0
592958,309185,2,3.0,50.0,30.0,1.0,50.0
592959,309185,1036,2.0,22.0,20.0,1.0,50.0
592909,309158,33,3.0,60.0,30.0,2.0,50.0
592908,309157,33,3.0,30.0,30.0,2.0,50.0
592907,309156,33,3.0,30.0,30.0,1.0,50.0
592906,309155,33,3.0,30.0,30.0,2.0,50.0
592905,309154,33,3.0,30.0,30.0,2.0,50.0
592904,309153,33,3.0,60.0,30.0,2.0,50.0
592900,309152,33,3.0,120.0,30.0,2.0,50.0
592901,309152,34,2.0,3.3,10.0,1.0,50.0
592902,309152,34,2.0,3.3,10.0,1.0,50.0
592903,309152,34,2.0,3.3,10.0,1.0,50.0
592890,309151,33,3.0,60.0,30.0,2.0,50.0
592891,309151,33,3.0,60.0,30.0,2.0,50.0
592892,309151,33,3.0,60.0,30.0,2.0,50.0
592893,309151,33,3.0,60.0,30.0,2.0,50.0
592894,309151,33,3.0,60.0,30.0,2.0,50.0
592895,309151,33,3.0,60.0,30.0,2.0,50.0
592896,309151,33,3.0,60.0,30.0,2.0,50.0
592897,309151,33,3.0,60.0,30.0,2.0,50.0
592898,309151,33,3.0,60.0,30.0,2.0,50.0
592899,309151,33,3.0,60.0,30.0,2.0,50.0
592889,309150,33,3.0,30.0,30.0,1.0,50.0
592887,309149,33,3.0,60.0,30.0,2.0,50.0
592888,309149,1036,2.0,7.4,10.0,1.0,50.0
592886,309148,33,3.0,150.0,30.0,1.0,50.0
592788,309099,33,3.0,30.0,30.0,2.0,50.0
592787,309098,33,3.0,60.0,30.0,2.0,50.0
592786,309097,33,3.0,60.0,30.0,2.0,50.0
592785,309096,1036,2.0,22.0,20.0,2.0,50.0
592784,309095,33,3.0,60.0,30.0,2.0,100.0
592744,309076,33,3.0,24.0,30.0,1.0,50.0
592738,309070,33,3.0,30.0,30.0,1.0,50.0
592737,309069,33,3.0,30.0,30.0,1.0,50.0
592736,309068,33,3.0,90.0,30.0,2.0,50.0
592735,309067,1036,2.0,7.4,10.0,1.0,50.0
592734,309066,33,3.0,60.0,30.0,2.0,50.0
592732,309065,33,3.0,25.0,30.0,1.0,50.0
592733,309065,2,3.0,25.0,30.0,1.0,50.0
592731,309064,33,3.0,30.0,30.0,1.0,50.0
592728,309063,33,3.0,60.0,30.0,2.0,50.0
592729,309063,33,3.0,80.0,30.0,2.0,50.0
592730,309063,1036,2.0,7.5,10.0,1.0,50.0
592727,309062,33,3.0,24.0,30.0,1.0,50.0
592724,309061,33,3.0,60.0,30.0,2.0,50.0
592725,309061,1036,2.0,22.0,20.0,1.0,50.0
592726,309061,1036,2.0,22.0,20.0,1.0,50.0
592723,309060,33,3.0,30.0,30.0,2.0,50.0
592624,309024,33,3.0,30.0,30.0,1.0,50.0
592623,309023,33,3.0,30.0,30.0,1.0,50.0
592622,309022,33,3.0,90.0,30.0,2.0,50.0
592621,309021,33,3.0,25.0,30.0,1.0,50.0
592620,309020,33,3.0,30.0,30.0,1.0,50.0
592617,309019,33,3.0,60.0,30.0,2.0,50.0
592618,309019,1036,2.0,7.4,10.0,1.0,50.0
592619,309019,1036,2.0,10.7,20.0,2.0,50.0
592616,309018,33,3.0,30.0,30.0,1.0,50.0
592614,309017,33,3.0,25.0,30.0,1.0,50.0
592615,309017,2,3.0,25.0,30.0,1.0,50.0
592612,309016,33,3.0,25.0,30.0,1.0,50.0
592613,309016,1036,2.0,10.7,20.0,1.0,50.0
592611,309015,33,3.0,30.0,30.0,1.0,50.0
592610,309014,33,3.0,60.0,30.0,2.0,50.0
592609,309013,33,3.0,30.0,30.0,1.0,50.0
592590,308999,33,3.0,30.0,30.0,1.0,50.0
592589,308998,33,3.0,30.0,30.0,1.0,50.0
592588,308997,33,3.0,30.0,30.0,1.0,50.0
592587,308996,33,3.0,60.0,30.0,2.0,50.0
592586,308995,33,3.0,60.0,30.0,2.0,50.0
592585,308994,33,3.0,60.0,30.0,2.0,50.0
592584,308993,33,3.0,60.0,30.0,2.0,50.0
592580,308992,33,3.0,25.0,30.0,1.0,50.0
592581,308992,2,3.0,25.0,30.0,1.0,50.0
592582,308992,1036,2.0,7.4,20.0,1.0,50.0
592583,308992,33,3.0,60.0,30.0,2.0,50.0
592579,308991,33,3.0,60.0,30.0,2.0,50.0
592577,308990,33,3.0,30.0,30.0,2.0,50.0
592578,308990,33,3.0,30.0,30.0,2.0,50.0
592576,308989,33,3.0,24.0,30.0,1.0,50.0
592575,308988,33,3.0,30.0,30.0,1.0,50.0
592573,308987,33,3.0,25.0,30.0,1.0,50.0
592574,308987,2,3.0,25.0,30.0,1.0,50.0
592572,308986,33,3.0,90.0,30.0,2.0,50.0
592571,308985,33,3.0,30.0,30.0,1.0,50.0
592570,308984,33,3.0,30.0,30.0,1.0,50.0
592569,308983,33,3.0,30.0,30.0,2.0,50.0
592568,308982,33,3.0,120.0,30.0,2.0,50.0
592567,308981,33,3.0,60.0,30.0,2.0,50.0
592565,308980,33,3.0,60.0,30.0,2.0,50.0
592566,308980,33,3.0,60.0,30.0,2.0,50.0
592564,308979,33,3.0,60.0,30.0,1.0,50.0
592563,308978,33,3.0,30.0,30.0,1.0,50.0
592562,308977,33,3.0,60.0,30.0,2.0,50.0
592560,308976,33,3.0,25.0,30.0,1.0,50.0
592561,308976,2,3.0,25.0,30.0,1.0,50.0
592558,308975,33,3.0,60.0,30.0,1.0,50.0
592559,308975,33,3.0,30.0,30.0,1.0,50.0
592557,308974,33,3.0,60.0,30.0,2.0,50.0
592556,308973,33,3.0,60.0,30.0,2.0,50.0
592555,308972,33,3.0,25.0,30.0,1.0,50.0
592554,308971,33,3.0,60.0,30.0,2.0,50.0
592553,308970,33,3.0,30.0,30.0,2.0,50.0
592547,308965,33,3.0,30.0,30.0,1.0,50.0
592546,308964,33,3.0,60.0,30.0,2.0,50.0
592513,308953,33,3.0,30.0,30.0,1.0,50.0
592514,308953,34,2.0,3.3,10.0,1.0,50.0
592509,308951,33,3.0,25.0,30.0,1.0,50.0
592510,308951,2,3.0,25.0,30.0,1.0,50.0
592508,308950,33,3.0,25.0,30.0,1.0,50.0
592507,308949,33,3.0,60.0,30.0,2.0,50.0
592501,308946,33,3.0,150.0,30.0,1.0,50.0
592502,308946,33,3.0,60.0,30.0,1.0,50.0
592503,308946,33,3.0,30.0,30.0,1.0,50.0
592500,308945,33,3.0,60.0,30.0,2.0,50.0
592499,308944,33,3.0,30.0,30.0,1.0,50.0
592498,308943,33,3.0,30.0,30.0,1.0,50.0
592496,308942,1036,2.0,7.0,20.0,1.0,50.0
592497,308942,34,2.0,3.3,10.0,1.0,50.0
592495,308941,33,3.0,60.0,30.0,2.0,50.0
592494,308940,1036,2.0,7.0,10.0,1.0,50.0
592492,308939,1036,2.0,7.0,10.0,1.0,50.0
592493,308939,1036,2.0,7.0,10.0,1.0,50.0
592491,308938,1036,2.0,7.0,10.0,1.0,50.0
592490,308937,33,3.0,60.0,30.0,2.0,50.0
592489,308936,33,3.0,60.0,30.0,2.0,50.0
592488,308935,33,3.0,60.0,30.0,2.0,50.0
592487,308934,1036,2.0,22.0,20.0,2.0,50.0
592486,308933,33,3.0,30.0,30.0,1.0,50.0
592485,308932,1036,2.0,22.0,20.0,2.0,50.0
592484,308931,1036,2.0,22.0,20.0,1.0,50.0
592483,308930,33,3.0,60.0,30.0,2.0,50.0
592481,308929,33,3.0,24.0,30.0,1.0,50.0
592482,308929,1036,2.0,22.0,20.0,1.0,50.0
592480,308928,33,3.0,50.0,30.0,2.0,50.0
592479,308927,33,3.0,60.0,30.0,2.0,50.0
592478,308926,33,3.0,60.0,30.0,2.0,50.0
592477,308925,33,3.0,80.0,30.0,2.0,50.0
592476,308924,33,3.0,60.0,30.0,2.0,50.0
592475,308923,33,3.0,60.0,30.0,2.0,50.0
592471,308922,33,3.0,60.0,30.0,16.0,50.0
592472,308922,34,2.0,3.3,10.0,39.0,50.0
592473,308922,1040,3.0,30.0,30.0,2.0,50.0
592474,308922,1036,2.0,7.0,20.0,1.0,50.0
592470,308921,33,3.0,60.0,30.0,2.0,50.0
592466,308920,33,3.0,60.0,30.0,16.0,50.0
592467,308920,1036,2.0,7.5,20.0,3.0,50.0
592468,308920,34,2.0,3.3,10.0,45.0,50.0
592469,308920,1040,3.0,30.0,30.0,6.0,50.0
592465,308919,33,3.0,60.0,30.0,2.0,50.0
592461,308918,33,3.0,60.0,30.0,13.0,50.0
592462,308918,34,2.0,3.3,10.0,12.0,50.0
592463,308918,1036,2.0,7.5,20.0,1.0,50.0
592464,308918,1040,3.0,30.0,30.0,2.0,50.0
592459,308917,33,3.0,60.0,30.0,3.0,50.0
592460,308917,34,2.0,3.3,10.0,29.0,50.0
592458,308916,33,3.0,60.0,30.0,2.0,50.0
592457,308915,33,3.0,60.0,30.0,2.0,50.0
592456,308914,33,3.0,120.0,30.0,2.0,50.0
592455,308913,33,3.0,120.0,30.0,2.0,50.0
592443,308907,33,3.0,120.0,30.0,2.0,50.0
592444,308907,34,2.0,3.3,10.0,1.0,50.0
592445,308907,34,2.0,3.3,10.0,1.0,50.0
592442,308906,33,3.0,120.0,30.0,2.0,50.0
592439,308905,33,3.0,120.0,30.0,2.0,50.0
592440,308905,34,2.0,3.3,10.0,1.0,50.0
592441,308905,34,2.0,3.3,10.0,1.0,50.0
592438,308904,33,3.0,120.0,30.0,2.0,50.0
592435,308903,33,3.0,120.0,30.0,2.0,50.0
592436,308903,34,2.0,3.3,10.0,1.0,50.0
592437,308903,34,2.0,3.3,10.0,1.0,50.0
592432,308902,33,3.0,120.0,30.0,2.0,50.0
592433,308902,34,2.0,3.3,10.0,1.0,50.0
592434,308902,34,2.0,3.3,10.0,1.0,50.0
592431,308901,33,3.0,120.0,30.0,2.0,50.0
592428,308900,33,3.0,120.0,30.0,2.0,50.0
592429,308900,34,2.0,3.3,10.0,1.0,50.0
592430,308900,34,2.0,3.3,10.0,1.0,50.0
592426,308899,33,3.0,30.0,30.0,4.0,50.0
592427,308899,34,2.0,3.3,10.0,5.0,50.0
592425,308898,33,3.0,30.0,30.0,4.0,50.0
592422,308897,33,3.0,30.0,30.0,3.0,50.0
592423,308897,34,2.0,3.3,10.0,1.0,50.0
592424,308897,34,2.0,3.3,10.0,1.0,50.0
592419,308896,33,3.0,120.0,30.0,2.0,50.0
592420,308896,34,2.0,3.3,10.0,1.0,50.0
592421,308896,34,2.0,3.3,10.0,1.0,50.0
592416,308895,33,3.0,120.0,30.0,2.0,50.0
592417,308895,34,2.0,3.3,10.0,1.0,50.0
592418,308895,34,2.0,3.3,10.0,1.0,50.0
592413,308894,33,3.0,120.0,30.0,2.0,50.0
592414,308894,34,2.0,3.3,10.0,1.0,50.0
592415,308894,34,2.0,3.3,10.0,1.0,50.0
592412,308893,33,3.0,30.0,30.0,4.0,50.0
592407,308891,33,3.0,120.0,30.0,2.0,50.0
592408,308891,34,2.0,3.3,10.0,1.0,50.0
592409,308891,34,2.0,3.3,10.0,1.0,50.0
592405,308890,33,3.0,120.0,30.0,2.0,50.0
592406,308890,34,2.0,3.3,10.0,3.0,50.0
592403,308889,33,3.0,120.0,30.0,2.0,50.0
592404,308889,34,2.0,3.3,10.0,3.0,50.0
592401,308888,33,3.0,120.0,30.0,2.0,50.0
592402,308888,34,2.0,3.3,10.0,3.0,50.0
592398,308886,33,3.0,120.0,30.0,2.0,50.0
592399,308886,34,2.0,3.3,10.0,3.0,50.0
592397,308885,33,3.0,120.0,30.0,2.0,50.0
592394,308883,33,3.0,60.0,30.0,2.0,50.0
592393,308882,33,3.0,60.0,30.0,2.0,50.0
592392,308881,33,3.0,120.0,30.0,2.0,50.0
592386,308879,33,3.0,120.0,30.0,2.0,50.0
592387,308879,33,3.0,120.0,30.0,2.0,50.0
592385,308878,33,3.0,60.0,30.0,2.0,50.0
592383,308877,33,3.0,120.0,30.0,2.0,50.0
592384,308877,33,3.0,120.0,30.0,2.0,50.0
592379,308876,33,3.0,160.0,30.0,6.0,50.0
592380,308876,1036,3.0,43.0,20.0,1.0,50.0
592381,308876,33,3.0,50.0,30.0,1.0,50.0
592382,308876,33,3.0,60.0,30.0,2.0,50.0
592377,308875,33,3.0,240.0,30.0,2.0,50.0
592378,308875,33,3.0,240.0,30.0,2.0,50.0
592376,308874,33,3.0,24.0,30.0,1.0,50.0
592375,308873,33,3.0,60.0,30.0,2.0,50.0
592374,308872,33,3.0,60.0,30.0,2.0,50.0
592373,308871,1036,2.0,22.0,20.0,2.0,50.0
592362,308862,33,3.0,30.0,30.0,1.0,50.0
592363,308862,1036,2.0,7.4,10.0,1.0,50.0
592360,308861,1036,2.0,7.0,20.0,1.0,50.0
592361,308861,34,2.0,3.3,10.0,1.0,50.0
592359,308860,33,3.0,60.0,30.0,2.0,50.0
592358,308859,33,3.0,30.0,30.0,1.0,50.0
592317,308837,33,3.0,60.0,30.0,2.0,50.0
592318,308837,1036,2.0,7.4,10.0,3.0,50.0
592292,308819,33,3.0,30.0,30.0,2.0,50.0
592291,308818,33,3.0,60.0,30.0,2.0,50.0
592290,308817,33,3.0,30.0,30.0,2.0,50.0
592289,308816,33,3.0,60.0,30.0,2.0,50.0
592287,308815,33,3.0,120.0,30.0,2.0,50.0
592288,308815,1036,2.0,22.0,10.0,1.0,50.0
592284,308814,33,3.0,60.0,30.0,2.0,50.0
592285,308814,33,3.0,24.0,30.0,1.0,50.0
592286,308814,33,3.0,50.0,30.0,1.0,50.0
592283,308813,1036,2.0,7.4,10.0,1.0,50.0
592282,308812,33,3.0,50.0,30.0,1.0,50.0
592281,308811,1036,2.0,22.0,20.0,1.0,50.0
592279,308810,33,3.0,24.0,30.0,1.0,50.0
592280,308810,33,3.0,50.0,30.0,1.0,50.0
592277,308809,33,3.0,24.0,30.0,1.0,50.0
592278,308809,1036,2.0,22.0,20.0,1.0,50.0
592276,308808,1036,2.0,22.0,20.0,1.0,50.0
592275,308807,33,3.0,60.0,30.0,2.0,50.0
592274,308806,33,3.0,24.0,30.0,1.0,50.0
592273,308805,1036,2.0,22.0,20.0,1.0,50.0
592272,308804,1036,2.0,7.0,10.0,2.0,50.0
592271,308803,1036,2.0,22.0,10.0,1.0,50.0
592270,308802,33,3.0,30.0,30.0,2.0,50.0
592268,308801,33,3.0,60.0,30.0,2.0,50.0
592269,308801,1036,2.0,7.5,20.0,1.0,50.0
592266,308800,33,3.0,30.0,30.0,2.0,50.0
592267,308800,1036,2.0,22.0,20.0,1.0,50.0
600632,308800,1036,2.0,22.0,,1.0,50.0
592264,308799,33,3.0,25.0,30.0,1.0,50.0
592265,308799,2,3.0,25.0,30.0,1.0,50.0
592263,308798,33,3.0,30.0,30.0,2.0,50.0
592259,308795,1036,2.0,7.2,10.0,3.0,50.0
592255,308792,1036,2.0,7.4,10.0,2.0,50.0
592254,308791,33,3.0,30.0,30.0,1.0,50.0
592253,308790,33,3.0,60.0,30.0,2.0,50.0
592239,308783,33,3.0,160.0,30.0,2.0,50.0
592240,308783,33,3.0,200.0,30.0,1.0,50.0
592241,308783,33,3.0,24.0,30.0,1.0,50.0
592238,308782,33,3.0,30.0,30.0,1.0,50.0
592237,308781,33,3.0,60.0,30.0,2.0,50.0
592234,308780,33,3.0,25.0,30.0,1.0,50.0
592235,308780,2,3.0,25.0,30.0,1.0,50.0
592236,308780,1036,2.0,7.4,20.0,1.0,50.0
592233,308779,33,3.0,60.0,30.0,2.0,50.0
592232,308778,33,3.0,30.0,30.0,1.0,50.0
592230,308777,33,3.0,25.0,30.0,1.0,50.0
592231,308777,2,3.0,25.0,30.0,1.0,50.0
592229,308776,33,3.0,60.0,30.0,2.0,50.0
592228,308775,33,3.0,24.0,30.0,1.0,50.0
592227,308774,33,3.0,60.0,30.0,2.0,50.0
592226,308773,33,3.0,60.0,30.0,2.0,50.0
592196,308763,33,3.0,60.0,30.0,2.0,50.0
592195,308762,33,3.0,60.0,30.0,2.0,50.0
592194,308761,33,3.0,60.0,30.0,2.0,50.0
592193,308760,33,3.0,30.0,30.0,2.0,50.0
592191,308759,33,3.0,60.0,30.0,2.0,50.0
592192,308759,33,3.0,60.0,30.0,2.0,50.0
592190,308758,33,3.0,25.0,30.0,2.0,50.0
592189,308757,33,3.0,60.0,30.0,2.0,50.0
592147,308734,33,3.0,120.0,30.0,2.0,50.0
592148,308734,0,2.0,3.3,10.0,3.0,50.0
592146,308733,33,3.0,150.0,30.0,1.0,50.0
592145,308732,33,3.0,60.0,30.0,2.0,50.0
592142,308731,33,3.0,120.0,30.0,2.0,50.0
592143,308731,34,2.0,3.3,10.0,1.0,50.0
592144,308731,34,2.0,3.3,10.0,1.0,50.0
592524,308731,34,2.0,3.3,10.0,1.0,50.0
592140,308730,33,3.0,25.0,30.0,1.0,50.0
592141,308730,25,2.0,7.2,10.0,1.0,50.0
592139,308729,33,3.0,30.0,30.0,1.0,50.0
592138,308728,33,3.0,60.0,30.0,2.0,50.0
592137,308727,33,3.0,60.0,30.0,2.0,50.0
592136,308726,33,3.0,30.0,30.0,1.0,50.0
592135,308725,33,3.0,60.0,30.0,2.0,50.0
592134,308724,33,3.0,30.0,30.0,1.0,50.0
592133,308723,33,3.0,60.0,30.0,2.0,50.0
592132,308722,33,3.0,60.0,30.0,2.0,50.0
592131,308721,33,3.0,60.0,30.0,2.0,100.0
592129,308719,33,3.0,60.0,30.0,2.0,50.0
592124,308716,33,3.0,60.0,30.0,2.0,50.0
592123,308715,33,3.0,60.0,30.0,2.0,50.0
592122,308714,33,3.0,60.0,30.0,2.0,50.0
592121,308713,33,3.0,30.0,30.0,1.0,50.0
592119,308711,33,3.0,60.0,30.0,2.0,50.0
592115,308708,33,3.0,24.0,30.0,1.0,50.0
592116,308708,1036,2.0,7.4,10.0,1.0,50.0
592064,308679,33,3.0,75.0,30.0,4.0,50.0
592063,308678,33,3.0,90.0,30.0,2.0,50.0
592025,308663,33,3.0,30.0,30.0,2.0,50.0
592024,308662,33,3.0,120.0,30.0,2.0,50.0
592023,308661,33,3.0,60.0,30.0,2.0,50.0
592022,308660,33,3.0,30.0,30.0,2.0,50.0
592021,308659,33,3.0,120.0,30.0,2.0,50.0
592019,308658,33,3.0,60.0,30.0,2.0,50.0
592020,308658,33,3.0,30.0,30.0,2.0,50.0
592018,308657,33,3.0,24.0,30.0,1.0,50.0
592017,308656,33,3.0,60.0,30.0,2.0,50.0
592015,308655,33,3.0,25.0,30.0,1.0,50.0
592016,308655,2,3.0,25.0,30.0,1.0,50.0
591997,308650,33,3.0,150.0,30.0,1.0,50.0
591998,308650,33,3.0,60.0,30.0,1.0,50.0
591999,308650,33,3.0,30.0,30.0,1.0,50.0
591996,308649,33,3.0,60.0,30.0,6.0,50.0
591995,308648,33,3.0,50.0,30.0,2.0,50.0
591994,308647,33,3.0,30.0,30.0,1.0,50.0
591992,308646,33,3.0,25.0,30.0,1.0,50.0
591993,308646,2,3.0,25.0,30.0,1.0,50.0
591991,308645,33,3.0,120.0,30.0,2.0,50.0
591990,308644,33,3.0,24.0,30.0,1.0,50.0
591987,308643,33,3.0,200.0,30.0,2.0,50.0
591988,308643,33,3.0,30.0,30.0,2.0,50.0
591989,308643,33,3.0,160.0,30.0,4.0,50.0
589871,308366,33,3.0,50.0,30.0,1.0,50.0
589872,308366,33,3.0,30.0,30.0,2.0,50.0
589869,308365,33,3.0,150.0,30.0,4.0,50.0
589870,308365,33,3.0,360.0,30.0,1.0,50.0
588108,308058,33,3.0,120.0,30.0,4.0,50.0
588107,308057,33,3.0,60.0,30.0,1.0,50.0
588082,308043,33,3.0,60.0,30.0,1.0,50.0
588081,308042,0,2.0,60.0,,1.0,50.0
587370,307912,33,3.0,60.0,30.0,1.0,50.0
587369,307911,33,3.0,60.0,30.0,1.0,50.0
587419,307911,1040,3.0,60.0,30.0,1.0,50.0
586542,307481,33,3.0,50.0,30.0,1.0,50.0
600175,307481,0,,,,1.0,50.0
586541,307480,33,3.0,50.0,30.0,2.0,50.0
586518,307469,33,3.0,150.0,30.0,1.0,50.0
586519,307469,33,3.0,30.0,30.0,1.0,50.0
586520,307469,33,3.0,60.0,30.0,1.0,50.0
586517,307468,33,3.0,30.0,30.0,2.0,50.0
586516,307467,33,3.0,30.0,30.0,2.0,50.0
586514,307466,1036,2.0,22.0,20.0,3.0,50.0
586515,307466,33,3.0,50.0,30.0,1.0,50.0
586512,307465,33,3.0,50.0,30.0,1.0,50.0
586513,307465,1036,2.0,22.0,20.0,1.0,50.0
586511,307464,33,3.0,30.0,30.0,1.0,50.0
586510,307463,33,3.0,25.0,30.0,1.0,50.0
586508,307462,33,3.0,25.0,30.0,1.0,50.0
586509,307462,1036,2.0,7.0,10.0,1.0,50.0
586504,307460,33,3.0,30.0,30.0,2.0,50.0
586503,307459,33,3.0,30.0,30.0,2.0,50.0
586502,307458,33,3.0,30.0,30.0,2.0,50.0
586501,307457,33,3.0,30.0,30.0,2.0,50.0
586500,307456,33,3.0,30.0,30.0,2.0,50.0
586499,307455,33,3.0,30.0,30.0,2.0,50.0
586498,307454,33,3.0,30.0,30.0,4.0,50.0
586497,307453,33,3.0,30.0,30.0,2.0,50.0
586496,307452,33,3.0,30.0,30.0,4.0,50.0
586384,307382,33,3.0,50.0,30.0,2.0,50.0
586383,307381,33,3.0,30.0,30.0,2.0,50.0
586382,307380,33,3.0,30.0,30.0,2.0,50.0
586380,307379,33,3.0,30.0,30.0,2.0,50.0
586381,307379,1036,2.0,7.0,20.0,2.0,50.0
586379,307378,33,3.0,30.0,30.0,2.0,50.0
586376,307376,33,3.0,30.0,30.0,2.0,50.0
586245,307296,33,3.0,30.0,30.0,2.0,50.0
586244,307295,33,3.0,30.0,30.0,2.0,50.0
586243,307294,33,3.0,30.0,30.0,1.0,50.0
586242,307293,33,3.0,30.0,30.0,2.0,50.0
586241,307292,33,3.0,30.0,30.0,2.0,50.0
586240,307291,33,3.0,30.0,30.0,2.0,50.0
586239,307290,33,3.0,30.0,30.0,2.0,50.0
586238,307289,33,3.0,30.0,30.0,1.0,50.0
586237,307288,33,3.0,30.0,30.0,2.0,50.0
586232,307286,33,3.0,30.0,30.0,2.0,50.0
586229,307284,33,3.0,30.0,30.0,2.0,50.0
586228,307283,33,3.0,25.0,30.0,1.0,50.0
586227,307282,33,3.0,30.0,30.0,2.0,50.0
586226,307281,33,3.0,60.0,30.0,2.0,50.0
586016,307151,33,3.0,40.0,30.0,2.0,50.0
586015,307150,33,3.0,40.0,30.0,2.0,50.0
586014,307149,33,3.0,30.0,30.0,1.0,50.0
586013,307148,33,3.0,30.0,30.0,1.0,50.0
586010,307147,33,3.0,30.0,30.0,2.0,50.0
586009,307146,33,3.0,30.0,30.0,2.0,50.0
586008,307145,33,3.0,30.0,30.0,2.0,50.0
586007,307144,33,3.0,30.0,30.0,2.0,50.0
586006,307143,33,3.0,30.0,30.0,2.0,50.0
586004,307141,33,3.0,30.0,30.0,2.0,50.0
586003,307140,33,3.0,30.0,30.0,2.0,50.0
586002,307139,33,3.0,30.0,30.0,2.0,50.0
585998,307137,33,3.0,30.0,30.0,2.0,50.0
585997,307136,33,3.0,30.0,30.0,2.0,50.0
585996,307135,33,3.0,30.0,30.0,2.0,50.0
585995,307134,33,3.0,30.0,30.0,2.0,50.0
585994,307133,33,3.0,30.0,30.0,2.0,50.0
585993,307132,33,3.0,30.0,30.0,2.0,50.0
585992,307131,33,3.0,30.0,30.0,2.0,50.0
585956,307111,33,3.0,30.0,30.0,6.0,50.0
585955,307110,33,3.0,30.0,30.0,2.0,50.0
585954,307109,33,3.0,30.0,30.0,2.0,50.0
585953,307108,33,3.0,30.0,30.0,2.0,50.0
585952,307107,33,3.0,30.0,30.0,2.0,50.0
585951,307106,33,3.0,30.0,30.0,2.0,50.0
585950,307105,33,3.0,90.0,30.0,1.0,50.0
585947,307102,33,3.0,120.0,30.0,2.0,50.0
585861,307035,33,3.0,60.0,30.0,2.0,50.0
585860,307034,33,3.0,60.0,30.0,1.0,50.0
585859,307033,33,3.0,60.0,30.0,2.0,50.0
585858,307032,33,3.0,60.0,30.0,2.0,50.0
585857,307031,33,3.0,60.0,30.0,2.0,50.0
585856,307030,33,3.0,120.0,30.0,2.0,50.0
585855,307029,33,3.0,120.0,30.0,2.0,50.0
585854,307028,33,3.0,120.0,30.0,2.0,50.0
585853,307027,1036,2.0,22.0,20.0,1.0,50.0
585771,306986,1036,2.0,15.0,,1.0,50.0
585770,306985,1036,2.0,15.0,20.0,1.0,50.0
585769,306984,1036,2.0,15.0,20.0,1.0,50.0
585768,306983,1036,2.0,15.0,20.0,1.0,50.0
585767,306982,1036,2.0,15.0,20.0,1.0,50.0
585766,306981,1036,2.0,15.0,20.0,,50.0
585765,306980,33,3.0,60.0,30.0,2.0,50.0
585764,306979,33,3.0,60.0,30.0,1.0,50.0
585763,306978,33,3.0,60.0,30.0,1.0,50.0
585762,306977,33,3.0,30.0,30.0,1.0,50.0
585758,306976,1036,2.0,7.0,10.0,1.0,50.0
585757,306975,33,3.0,30.0,30.0,1.0,50.0
585756,306974,33,3.0,25.0,30.0,1.0,50.0
585755,306973,33,3.0,60.0,30.0,2.0,50.0
585754,306972,33,3.0,24.0,30.0,1.0,50.0
585753,306971,33,3.0,50.0,30.0,,50.0
585752,306970,33,3.0,25.0,30.0,1.0,50.0
585751,306969,1036,2.0,7.0,20.0,4.0,50.0
585750,306968,1036,2.0,7.0,20.0,,50.0
585749,306967,1036,2.0,22.0,20.0,1.0,50.0
585721,306953,33,3.0,30.0,30.0,1.0,50.0
585720,306952,33,3.0,30.0,30.0,10.0,
585719,306951,33,3.0,60.0,30.0,4.0,50.0
585718,306950,33,3.0,60.0,30.0,2.0,50.0
585701,306938,1036,2.0,15.0,20.0,1.0,50.0
585700,306937,33,3.0,25.0,30.0,1.0,50.0
585572,306878,33,3.0,120.0,30.0,2.0,50.0
585569,306877,33,3.0,20.0,30.0,1.0,50.0
585623,306877,1040,3.0,30.0,30.0,2.0,50.0
585624,306877,33,3.0,120.0,30.0,2.0,50.0
585568,306876,33,3.0,120.0,30.0,2.0,50.0
585567,306875,1036,2.0,7.0,20.0,2.0,50.0
585566,306874,33,3.0,60.0,30.0,1.0,50.0
585565,306873,33,3.0,30.0,30.0,1.0,50.0
585415,306804,33,3.0,30.0,30.0,2.0,50.0
585414,306803,33,3.0,30.0,30.0,2.0,50.0
585413,306802,1036,2.0,22.0,20.0,2.0,50.0
585412,306801,33,3.0,30.0,30.0,2.0,50.0
585409,306798,33,3.0,22.0,30.0,2.0,50.0
585407,306797,25,,,,,50.0
585406,306796,1036,,,30.0,1.0,50.0
585398,306793,25,,,,5.0,50.0
585397,306792,33,3.0,60.0,30.0,2.0,50.0
585396,306791,33,3.0,120.0,30.0,2.0,50.0
585395,306790,33,3.0,60.0,30.0,3.0,50.0
585369,306770,33,3.0,60.0,30.0,,
585368,306769,33,2.0,7.0,30.0,,
585367,306768,33,3.0,60.0,30.0,,50.0
585366,306767,1036,2.0,15.0,,2.0,
573811,303772,35,2.0,30.0,20.0,1.0,75.0
570185,303178,0,,,10.0,1.0,50.0
569351,302744,25,2.0,2.5,10.0,1.0,50.0
565565,301966,33,3.0,60.0,30.0,1.0,50.0
565564,301965,33,3.0,40.0,30.0,2.0,50.0
565563,301964,33,3.0,30.0,30.0,1.0,50.0
565562,301963,33,3.0,40.0,30.0,1.0,50.0
565561,301962,33,3.0,49.0,30.0,2.0,50.0
564407,301650,33,3.0,30.0,30.0,1.0,50.0
564406,301649,33,3.0,31.0,30.0,1.0,50.0
564405,301648,33,3.0,30.0,30.0,1.0,50.0
564404,301647,33,3.0,33.0,30.0,1.0,50.0
564403,301646,33,3.0,30.0,30.0,1.0,50.0
564402,301645,33,3.0,30.0,30.0,1.0,50.0
564401,301644,33,3.0,30.0,30.0,1.0,50.0
564400,301643,33,3.0,30.0,30.0,1.0,50.0
564066,301550,33,3.0,30.0,30.0,1.0,50.0
564053,301547,33,3.0,49.0,30.0,2.0,50.0
564052,301546,33,3.0,49.0,30.0,2.0,50.0
564051,301545,33,3.0,30.0,30.0,2.0,50.0
564050,301544,33,3.0,30.0,30.0,1.0,50.0
564049,301543,33,3.0,66.0,30.0,2.0,50.0
564048,301542,33,3.0,44.0,30.0,1.0,50.0
564047,301541,33,3.0,35.0,30.0,1.0,50.0
564046,301540,33,3.0,49.0,30.0,1.0,50.0
564045,301539,33,3.0,37.0,30.0,1.0,50.0
563245,301398,33,3.0,30.0,30.0,1.0,50.0
563226,301385,33,3.0,30.0,30.0,1.0,50.0
563203,301365,33,3.0,44.0,30.0,1.0,50.0
590122,301229,33,3.0,120.0,30.0,10.0,50.0
562657,301228,33,3.0,82.0,30.0,2.0,50.0
562656,301227,33,3.0,40.0,30.0,1.0,50.0
562655,301226,33,3.0,40.0,30.0,1.0,50.0
562413,301155,33,3.0,110.0,30.0,4.0,50.0
562412,301154,33,3.0,60.0,30.0,2.0,50.0
562411,301153,33,3.0,30.0,30.0,1.0,50.0
559871,300747,33,3.0,49.0,30.0,2.0,50.0
559870,300746,33,3.0,49.0,30.0,2.0,50.0
559869,300745,33,3.0,30.0,30.0,1.0,50.0
559868,300744,33,3.0,60.0,30.0,2.0,50.0
547359,298738,33,,,10.0,1.0,50.0
542232,297901,1043,2.0,2.5,10.0,1.0,50.0
541166,297821,33,3.0,24.0,30.0,1.0,50.0
539996,297660,25,2.0,11.0,20.0,1.0,50.0
539764,297630,33,3.0,50.0,30.0,1.0,50.0
540054,297630,33,3.0,24.0,30.0,1.0,50.0
539763,297629,33,3.0,60.0,30.0,2.0,50.0
539762,297628,33,3.0,24.0,30.0,1.0,50.0
539761,297627,33,3.0,30.0,30.0,1.0,50.0
539760,297626,33,3.0,30.0,30.0,1.0,50.0
539759,297625,33,3.0,30.0,30.0,1.0,50.0
539758,297624,33,3.0,60.0,30.0,1.0,50.0
539757,297622,33,3.0,50.0,30.0,1.0,50.0
539756,297621,0,2.0,100.0,20.0,1.0,50.0
484858,279447,1043,2.0,2.5,10.0,1.0,50.0
469847,273116,33,3.0,24.0,30.0,1.0,50.0
455084,267109,1043,2.0,2.5,10.0,1.0,50.0
454598,266916,33,3.0,30.0,30.0,1.0,50.0
453109,266276,33,3.0,50.0,30.0,1.0,50.0
604028,266276,1040,,15.0,30.0,1.0,50.0
434778,259197,1036,2.0,3.6,10.0,1.0,50.0
434784,259197,1043,2.0,3.4,10.0,1.0,50.0
434785,259197,34,2.0,3.6,10.0,1.0,50.0
567974,258754,2,,,,1.0,50.0
432966,258753,2,3.0,50.0,30.0,1.0,50.0
432967,258753,33,3.0,50.0,30.0,1.0,50.0
432541,258572,1043,2.0,2.5,10.0,1.0,50.0
431943,258336,33,3.0,30.0,30.0,2.0,50.0
431626,258302,33,3.0,80.0,30.0,1.0,50.0
431604,258294,33,3.0,30.0,30.0,1.0,50.0
428975,257048,33,,,30.0,2.0,
433132,257047,33,3.0,25.0,30.0,1.0,50.0
433133,257047,0,2.0,25.0,,6.0,0.0
391711,238134,33,3.0,30.0,30.0,1.0,50.0
603858,238134,25,2.0,3.3,20.0,4.0,50.0
335667,201254,0,2.0,3.0,10.0,1.0,50.0
325372,195401,33,3.0,24.0,30.0,1.0,50.0
325369,195400,33,3.0,50.0,30.0,1.0,50.0
325370,195400,1036,3.0,43.0,20.0,1.0,50.0
325371,195400,2,3.0,46.0,30.0,1.0,50.0
325368,195399,33,3.0,25.0,30.0,1.0,50.0
325367,195398,1036,2.0,22.0,20.0,1.0,50.0
325366,195397,33,3.0,25.0,30.0,1.0,50.0
323748,195339,1043,2.0,3.0,10.0,1.0,50.0
323749,195339,0,,,,1.0,50.0
307946,190068,33,,,,1.0,50.0
305574,189046,0,,,,1.0,50.0
305553,189037,33,3.0,50.0,30.0,1.0,50.0
303753,188200,1036,2.0,3.3,10.0,1.0,50.0
264857,173082,33,3.0,22.0,30.0,2.0,50.0
263699,172465,0,2.0,3.0,10.0,1.0,50.0
261447,171101,33,3.0,50.0,30.0,2.0,50.0
261146,170932,16,,,,1.0,50.0
559903,170932,33,,,30.0,1.0,50.0
559904,170932,0,2.0,37.0,,1.0,50.0
253214,167208,1043,2.0,3.0,10.0,1.0,50.0
208018,149812,1036,1.0,2.3,10.0,1.0,150.0
208019,149812,16,1.0,2.3,10.0,4.0,50.0
207612,149534,0,,,,,50.0
207611,149533,0,,,,,50.0
207605,149527,0,,,,,50.0
207600,149524,0,,,,,50.0
203949,146678,0,2.0,3.0,10.0,1.0,50.0
180994,129323,16,2.0,3.3,10.0,3.0,50.0
152011,107668,0,1.0,2.0,10.0,1.0,50.0
146420,103746,2,3.0,,30.0,1.0,50.0
146421,103746,4,2.0,3.6,10.0,1.0,50.0
146283,103616,0,2.0,3.0,10.0,4.0,50.0
146282,103615,0,2.0,3.0,10.0,1.0,50.0
146281,103614,1043,2.0,3.0,10.0,1.0,50.0
146280,103613,0,2.0,3.0,10.0,1.0,50.0
146279,103612,0,2.0,3.0,10.0,1.0,50.0
146278,103611,0,2.0,3.0,10.0,1.0,50.0
146277,103610,0,2.0,3.0,10.0,1.0,50.0
146276,103609,0,2.0,3.0,10.0,1.0,50.0
146274,103607,0,2.0,3.0,10.0,1.0,50.0
146273,103606,0,2.0,3.0,10.0,1.0,50.0
146271,103604,0,2.0,3.0,10.0,2.0,50.0
146270,103603,0,2.0,3.0,10.0,2.0,50.0
136065,96047,1,2.0,7.2,10.0,1.0,50.0
131394,92772,1,2.0,,10.0,3.0,50.0
131393,92771,2,2.0,,30.0,4.0,50.0
